DataID,GachaGrade,EquipmentType,EquipmentGrade,NameTextID,ItemDescription,SpriteName,Grade_Hp,GradeUp_Hp,Grade_Attack,GradeUp_Attack,Grade_MaxLevel,BaseSkill,UnCommonGradeAbility,RareGradeAbility,EpicGradeAbility,UniqueGradeAbility,MergeEquipmentType_1,MergeEquipment_1,MergeEquipmentType_2,MergeEquipment_2,MergedItemCode,LevelUpMaterial,DownGradeEquipmentCode,DownGradeMaterialCode,DownGradeMaterialCount
E31000,Normal,Weapon,Common,테슬라 임펄스,강력한 전기 충격파를 방출하는 고출력 전자 무기.,Weapon_ElectricShock.sprite,0,0,13,3,10,2040,21040,21041,22040,22041,ItemCode,E31000,ItemCode,E31000,E31001,61000,,,0
E31001,Normal,Weapon,Uncommon,테슬라 임펄스,강력한 전기 충격파를 방출하는 고출력 전자 무기.,Weapon_ElectricShock.sprite,0,0,26,4,20,2040,21040,21041,22040,22041,ItemCode,E31001,ItemCode,E31001,E31002,61000,,,0
E31002,Normal,Weapon,Rare,테슬라 임펄스,강력한 전기 충격파를 방출하는 고출력 전자 무기.,Weapon_ElectricShock.sprite,0,0,39,5,30,2040,21040,21041,22040,22041,ItemCode,E31002,ItemCode,E31002,E31003,61000,,,0
E31003,Normal,Weapon,Epic,테슬라 임펄스,강력한 전기 충격파를 방출하는 고출력 전자 무기.,Weapon_ElectricShock.sprite,0,0,65,9,40,2040,21040,21041,22040,22041,Grade,Epic,None,None,E31004,61000,,,0
E31004,Normal,Weapon,Epic1,테슬라 임펄스,강력한 전기 충격파를 방출하는 고출력 전자 무기.,Weapon_ElectricShock.sprite,0,0,78,10,50,2040,21040,21041,22040,22041,Grade,Epic,None,None,E31005,61000,E31003,E31003,1
E31005,Normal,Weapon,Epic2,테슬라 임펄스,강력한 전기 충격파를 방출하는 고출력 전자 무기.,Weapon_ElectricShock.sprite,0,0,91,11,60,2040,21040,21041,22040,22041,ItemCode,E31003,ItemCode,E31003,E31006,61000,E31003,E31003,2
E31006,Normal,Weapon,Unique,테슬라 임펄스,강력한 전기 충격파를 방출하는 고출력 전자 무기.,Weapon_ElectricShock.sprite,0,0,172,13,70,2040,21040,21041,22040,22041,Grade,Unique,None,None,E31007,61000,,,0
E31007,Normal,Weapon,Unique1,테슬라 임펄스,강력한 전기 충격파를 방출하는 고출력 전자 무기.,Weapon_ElectricShock.sprite,0,0,200,15,80,2040,21040,21041,22040,22041,Grade,Unique,None,None,E31008,61000,E31007,E31007,1
E31008,Normal,Weapon,Unique2,테슬라 임펄스,강력한 전기 충격파를 방출하는 고출력 전자 무기.,Weapon_ElectricShock.sprite,0,0,229,17,90,2040,21040,21041,22040,22041,Grade,Unique,None,None,E31009,61000,E31007,E31007,2
E31009,Normal,Weapon,Unique3,테슬라 임펄스,강력한 전기 충격파를 방출하는 고출력 전자 무기.,Weapon_ElectricShock.sprite,0,0,257,19,100,2040,21040,21041,22040,22041,None,None,None,None,None,61000,E31007,E31007,3
E31010,Normal,Weapon,Common,자이언트 커패시터,초대형 커패시터로 에너지를 저장하고 폭발적으로 방출하는 무기.,Weapon_ElectronicField.sprite,0,0,13,3,10,2080,21040,21041,22080,22081,ItemCode,E31010,ItemCode,E31010,E31011,61000,,,0
E31011,Normal,Weapon,Uncommon,자이언트 커패시터,초대형 커패시터로 에너지를 저장하고 폭발적으로 방출하는 무기.,Weapon_ElectronicField.sprite,0,0,26,4,20,2080,21040,21041,22080,22081,ItemCode,E31011,ItemCode,E31011,E31012,61000,,,0
E31012,Normal,Weapon,Rare,자이언트 커패시터,초대형 커패시터로 에너지를 저장하고 폭발적으로 방출하는 무기.,Weapon_ElectronicField.sprite,0,0,39,5,30,2080,21040,21041,22080,22081,ItemCode,E31012,ItemCode,E31012,E31013,61000,,,0
E31013,Normal,Weapon,Epic,자이언트 커패시터,초대형 커패시터로 에너지를 저장하고 폭발적으로 방출하는 무기.,Weapon_ElectronicField.sprite,0,0,65,9,40,2080,21040,21041,22080,22081,Grade,Epic,None,None,E31014,61000,,,0
E31014,Normal,Weapon,Epic1,자이언트 커패시터,초대형 커패시터로 에너지를 저장하고 폭발적으로 방출하는 무기.,Weapon_ElectronicField.sprite,0,0,78,10,50,2080,21040,21041,22080,22081,Grade,Epic,None,None,E31015,61000,E31013,E31013,1
E31015,Normal,Weapon,Epic2,자이언트 커패시터,초대형 커패시터로 에너지를 저장하고 폭발적으로 방출하는 무기.,Weapon_ElectronicField.sprite,0,0,91,11,60,2080,21040,21041,22080,22081,ItemCode,E31013,ItemCode,E31013,E31016,61000,E31013,E31013,2
E31016,Normal,Weapon,Unique,자이언트 커패시터,초대형 커패시터로 에너지를 저장하고 폭발적으로 방출하는 무기.,Weapon_ElectronicField.sprite,0,0,172,13,70,2080,21040,21041,22080,22081,Grade,Unique,None,None,E31017,61000,,,0
E31017,Normal,Weapon,Unique1,자이언트 커패시터,초대형 커패시터로 에너지를 저장하고 폭발적으로 방출하는 무기.,Weapon_ElectronicField.sprite,0,0,200,15,80,2080,21040,21041,22080,22081,Grade,Unique,None,None,E31018,61000,E31016,E31016,1
E31018,Normal,Weapon,Unique2,자이언트 커패시터,초대형 커패시터로 에너지를 저장하고 폭발적으로 방출하는 무기.,Weapon_ElectronicField.sprite,0,0,229,17,90,2080,21040,21041,22080,22081,Grade,Unique,None,None,E31019,61000,E31016,E31016,2
E31019,Normal,Weapon,Unique3,자이언트 커패시터,초대형 커패시터로 에너지를 저장하고 폭발적으로 방출하는 무기.,Weapon_ElectronicField.sprite,0,0,257,19,100,2080,21040,21041,22080,22081,None,None,None,None,None,61000,E31016,E31016,3
E31020,Normal,Weapon,Common,이온 링 제너레이터,이온 입자를 고속으로 순환시켜 파괴적인 링 에너지를 생성.,Weapon_EnergyRing.sprite,0,0,13,3,10,2010,21040,21041,22010,22011,ItemCode,E31020,ItemCode,E31020,E31021,61000,,,0
E31021,Normal,Weapon,Uncommon,이온 링 제너레이터,이온 입자를 고속으로 순환시켜 파괴적인 링 에너지를 생성.,Weapon_EnergyRing.sprite,0,0,26,4,20,2010,21040,21041,22010,22011,ItemCode,E31021,ItemCode,E31021,E31022,61000,,,0
E31022,Normal,Weapon,Rare,이온 링 제너레이터,이온 입자를 고속으로 순환시켜 파괴적인 링 에너지를 생성.,Weapon_EnergyRing.sprite,0,0,39,5,30,2010,21040,21041,22010,22011,ItemCode,E31022,ItemCode,E31022,E31023,61000,,,0
E31023,Normal,Weapon,Epic,이온 링 제너레이터,이온 입자를 고속으로 순환시켜 파괴적인 링 에너지를 생성.,Weapon_EnergyRing.sprite,0,0,65,9,40,2010,21040,21041,22010,22011,Grade,Epic,None,None,E31024,61000,,,0
E31024,Normal,Weapon,Epic1,이온 링 제너레이터,이온 입자를 고속으로 순환시켜 파괴적인 링 에너지를 생성.,Weapon_EnergyRing.sprite,0,0,78,10,50,2010,21040,21041,22010,22011,Grade,Epic,None,None,E31025,61000,E31023,E31023,1
E31025,Normal,Weapon,Epic2,이온 링 제너레이터,이온 입자를 고속으로 순환시켜 파괴적인 링 에너지를 생성.,Weapon_EnergyRing.sprite,0,0,91,11,60,2010,21040,21041,22010,22011,ItemCode,E31023,ItemCode,E31023,E31026,61000,E31023,E31023,2
E31026,Normal,Weapon,Unique,이온 링 제너레이터,이온 입자를 고속으로 순환시켜 파괴적인 링 에너지를 생성.,Weapon_EnergyRing.sprite,0,0,172,13,70,2010,21040,21041,22010,22011,Grade,Unique,None,None,E31027,61000,,,0
E31027,Normal,Weapon,Unique1,이온 링 제너레이터,이온 입자를 고속으로 순환시켜 파괴적인 링 에너지를 생성.,Weapon_EnergyRing.sprite,0,0,200,15,80,2010,21040,21041,22010,22011,Grade,Unique,None,None,E31028,61000,E31026,E31026,1
E31028,Normal,Weapon,Unique2,이온 링 제너레이터,이온 입자를 고속으로 순환시켜 파괴적인 링 에너지를 생성.,Weapon_EnergyRing.sprite,0,0,229,17,90,2010,21040,21041,22010,22011,Grade,Unique,None,None,E31029,61000,E31026,E31026,2
E31029,Normal,Weapon,Unique3,이온 링 제너레이터,이온 입자를 고속으로 순환시켜 파괴적인 링 에너지를 생성.,Weapon_EnergyRing.sprite,0,0,257,19,100,2010,21040,21041,22010,22011,None,None,None,None,None,61000,E31026,E31026,3
E31030,Normal,Weapon,Common,그라비톤 코어,중력 왜곡을 일으키는 고밀도 에너지 코어.,Weapon_GravityBomb.sprite,0,0,13,3,10,2050,21040,21041,22050,22051,ItemCode,E31030,ItemCode,E31030,E31031,61000,,,0
E31031,Normal,Weapon,Uncommon,그라비톤 코어,중력 왜곡을 일으키는 고밀도 에너지 코어.,Weapon_GravityBomb.sprite,0,0,26,4,20,2050,21040,21041,22050,22051,ItemCode,E31031,ItemCode,E31031,E31032,61000,,,0
E31032,Normal,Weapon,Rare,그라비톤 코어,중력 왜곡을 일으키는 고밀도 에너지 코어.,Weapon_GravityBomb.sprite,0,0,39,5,30,2050,21040,21041,22050,22051,ItemCode,E31032,ItemCode,E31032,E31033,61000,,,0
E31033,Normal,Weapon,Epic,그라비톤 코어,중력 왜곡을 일으키는 고밀도 에너지 코어.,Weapon_GravityBomb.sprite,0,0,65,9,40,2050,21040,21041,22050,22051,Grade,Epic,None,None,E31034,61000,,,0
E31034,Normal,Weapon,Epic1,그라비톤 코어,중력 왜곡을 일으키는 고밀도 에너지 코어.,Weapon_GravityBomb.sprite,0,0,78,10,50,2050,21040,21041,22050,22051,Grade,Epic,None,None,E31035,61000,E31033,E31033,1
E31035,Normal,Weapon,Epic2,그라비톤 코어,중력 왜곡을 일으키는 고밀도 에너지 코어.,Weapon_GravityBomb.sprite,0,0,91,11,60,2050,21040,21041,22050,22051,ItemCode,E31033,ItemCode,E31033,E31036,61000,E31033,E31033,2
E31036,Normal,Weapon,Unique,그라비톤 코어,중력 왜곡을 일으키는 고밀도 에너지 코어.,Weapon_GravityBomb.sprite,0,0,172,13,70,2050,21040,21041,22050,22051,Grade,Unique,None,None,E31037,61000,,,0
E31037,Normal,Weapon,Unique1,그라비톤 코어,중력 왜곡을 일으키는 고밀도 에너지 코어.,Weapon_GravityBomb.sprite,0,0,200,15,80,2050,21040,21041,22050,22051,Grade,Unique,None,None,E31038,61000,E31036,E31036,1
E31038,Normal,Weapon,Unique2,그라비톤 코어,중력 왜곡을 일으키는 고밀도 에너지 코어.,Weapon_GravityBomb.sprite,0,0,229,17,90,2050,21040,21041,22050,22051,Grade,Unique,None,None,E31039,61000,E31036,E31036,2
E31039,Normal,Weapon,Unique3,그라비톤 코어,중력 왜곡을 일으키는 고밀도 에너지 코어.,Weapon_GravityBomb.sprite,0,0,257,19,100,2050,21040,21041,22050,22051,None,None,None,None,None,61000,E31036,E31036,3
E31040,Normal,Weapon,Common,오르비탈 엣지,궤도를 따라 날아가는 고속 절단 블레이드.,Weapon_OrbitalBlades.sprite,0,0,13,3,10,2070,21000,21001,22070,22071,ItemCode,E31040,ItemCode,E31040,E31041,61000,,,0
E31041,Normal,Weapon,Uncommon,오르비탈 엣지,궤도를 따라 날아가는 고속 절단 블레이드.,Weapon_OrbitalBlades.sprite,0,0,26,4,20,2070,21000,21001,22070,22071,ItemCode,E31041,ItemCode,E31041,E31042,61000,,,0
E31042,Normal,Weapon,Rare,오르비탈 엣지,궤도를 따라 날아가는 고속 절단 블레이드.,Weapon_OrbitalBlades.sprite,0,0,39,5,30,2070,21000,21001,22070,22071,ItemCode,E31042,ItemCode,E31042,E31043,61000,,,0
E31043,Normal,Weapon,Epic,오르비탈 엣지,궤도를 따라 날아가는 고속 절단 블레이드.,Weapon_OrbitalBlades.sprite,0,0,65,9,40,2070,21000,21001,22070,22071,Grade,Epic,None,None,E31044,61000,,,0
E31044,Normal,Weapon,Epic1,오르비탈 엣지,궤도를 따라 날아가는 고속 절단 블레이드.,Weapon_OrbitalBlades.sprite,0,0,78,10,50,2070,21000,21001,22070,22071,Grade,Epic,None,None,E31045,61000,E31043,E31043,1
E31045,Normal,Weapon,Epic2,오르비탈 엣지,궤도를 따라 날아가는 고속 절단 블레이드.,Weapon_OrbitalBlades.sprite,0,0,91,11,60,2070,21000,21001,22070,22071,ItemCode,E31043,ItemCode,E31043,E31046,61000,E31043,E31043,2
E31046,Normal,Weapon,Unique,오르비탈 엣지,궤도를 따라 날아가는 고속 절단 블레이드.,Weapon_OrbitalBlades.sprite,0,0,172,13,70,2070,21000,21001,22070,22071,Grade,Unique,None,None,E31047,61000,,,0
E31047,Normal,Weapon,Unique1,오르비탈 엣지,궤도를 따라 날아가는 고속 절단 블레이드.,Weapon_OrbitalBlades.sprite,0,0,200,15,80,2070,21000,21001,22070,22071,Grade,Unique,None,None,E31048,61000,E31046,E31046,1
E31048,Normal,Weapon,Unique2,오르비탈 엣지,궤도를 따라 날아가는 고속 절단 블레이드.,Weapon_OrbitalBlades.sprite,0,0,229,17,90,2070,21000,21001,22070,22071,Grade,Unique,None,None,E31049,61000,E31046,E31046,2
E31049,Normal,Weapon,Unique3,오르비탈 엣지,궤도를 따라 날아가는 고속 절단 블레이드.,Weapon_OrbitalBlades.sprite,0,0,257,19,100,2070,21000,21001,22070,22071,None,None,None,None,None,61000,E31046,E31046,3
E31050,Normal,Weapon,Common,플라즈마 캐스터,고온 플라즈마를 연속 발사하는 에너지 무기.,Weapon_PlasmaShot.sprite,0,0,13,3,10,2000,21000,21001,22000,22001,ItemCode,E31050,ItemCode,E31050,E31051,61000,,,0
E31051,Normal,Weapon,Uncommon,플라즈마 캐스터,고온 플라즈마를 연속 발사하는 에너지 무기.,Weapon_PlasmaShot.sprite,0,0,26,4,20,2000,21000,21001,22000,22001,ItemCode,E31051,ItemCode,E31051,E31052,61000,,,0
E31052,Normal,Weapon,Rare,플라즈마 캐스터,고온 플라즈마를 연속 발사하는 에너지 무기.,Weapon_PlasmaShot.sprite,0,0,39,5,30,2000,21000,21001,22000,22001,ItemCode,E31052,ItemCode,E31052,E31053,61000,,,0
E31053,Normal,Weapon,Epic,플라즈마 캐스터,고온 플라즈마를 연속 발사하는 에너지 무기.,Weapon_PlasmaShot.sprite,0,0,65,9,40,2000,21000,21001,22000,22001,Grade,Epic,None,None,E31054,61000,,,0
E31054,Normal,Weapon,Epic1,플라즈마 캐스터,고온 플라즈마를 연속 발사하는 에너지 무기.,Weapon_PlasmaShot.sprite,0,0,78,10,50,2000,21000,21001,22000,22001,Grade,Epic,None,None,E31055,61000,E31053,E31053,1
E31055,Normal,Weapon,Epic2,플라즈마 캐스터,고온 플라즈마를 연속 발사하는 에너지 무기.,Weapon_PlasmaShot.sprite,0,0,91,11,60,2000,21000,21001,22000,22001,ItemCode,E31053,ItemCode,E31053,E31056,61000,E31053,E31053,2
E31056,Normal,Weapon,Unique,플라즈마 캐스터,고온 플라즈마를 연속 발사하는 에너지 무기.,Weapon_PlasmaShot.sprite,0,0,172,13,70,2000,21000,21001,22000,22001,Grade,Unique,None,None,E31057,61000,,,0
E31057,Normal,Weapon,Unique1,플라즈마 캐스터,고온 플라즈마를 연속 발사하는 에너지 무기.,Weapon_PlasmaShot.sprite,0,0,200,15,80,2000,21000,21001,22000,22001,Grade,Unique,None,None,E31058,61000,E31056,E31056,1
E31058,Normal,Weapon,Unique2,플라즈마 캐스터,고온 플라즈마를 연속 발사하는 에너지 무기.,Weapon_PlasmaShot.sprite,0,0,229,17,90,2000,21000,21001,22000,22001,Grade,Unique,None,None,E31059,61000,E31056,E31056,2
E31059,Normal,Weapon,Unique3,플라즈마 캐스터,고온 플라즈마를 연속 발사하는 에너지 무기.,Weapon_PlasmaShot.sprite,0,0,257,19,100,2000,21000,21001,22000,22001,None,None,None,None,None,61000,E31056,E31056,3
E31060,Normal,Weapon,Common,플라즈마 자이로,회전하는 플라즈마 구체로 적을 추격하는 첨단 무기.,Weapon_PlasmaSpinner.sprite,0,0,13,3,10,2020,21000,21001,22020,22021,ItemCode,E31060,ItemCode,E31060,E31061,61000,,,0
E31061,Normal,Weapon,Uncommon,플라즈마 자이로,회전하는 플라즈마 구체로 적을 추격하는 첨단 무기.,Weapon_PlasmaSpinner.sprite,0,0,26,4,20,2000,21000,21001,22020,22021,ItemCode,E31061,ItemCode,E31061,E31062,61000,,,0
E31062,Normal,Weapon,Rare,플라즈마 자이로,회전하는 플라즈마 구체로 적을 추격하는 첨단 무기.,Weapon_PlasmaSpinner.sprite,0,0,39,5,30,2000,21000,21001,22020,22021,ItemCode,E31062,ItemCode,E31062,E31063,61000,,,0
E31063,Normal,Weapon,Epic,플라즈마 자이로,회전하는 플라즈마 구체로 적을 추격하는 첨단 무기.,Weapon_PlasmaSpinner.sprite,0,0,65,9,40,2000,21000,21001,22020,22021,Grade,Epic,None,None,E31064,61000,,,0
E31064,Normal,Weapon,Epic1,플라즈마 자이로,회전하는 플라즈마 구체로 적을 추격하는 첨단 무기.,Weapon_PlasmaSpinner.sprite,0,0,78,10,50,2000,21000,21001,22020,22021,Grade,Epic,None,None,E31065,61000,E31063,E31063,1
E31065,Normal,Weapon,Epic2,플라즈마 자이로,회전하는 플라즈마 구체로 적을 추격하는 첨단 무기.,Weapon_PlasmaSpinner.sprite,0,0,91,11,60,2000,21000,21001,22020,22021,ItemCode,E31063,ItemCode,E31063,E31066,61000,E31063,E31063,2
E31066,Normal,Weapon,Unique,플라즈마 자이로,회전하는 플라즈마 구체로 적을 추격하는 첨단 무기.,Weapon_PlasmaSpinner.sprite,0,0,172,13,70,2000,21000,21001,22020,22021,Grade,Unique,None,None,E31067,61000,,,0
E31067,Normal,Weapon,Unique1,플라즈마 자이로,회전하는 플라즈마 구체로 적을 추격하는 첨단 무기.,Weapon_PlasmaSpinner.sprite,0,0,200,15,80,2000,21000,21001,22020,22021,Grade,Unique,None,None,E31068,61000,E31066,E31066,1
E31068,Normal,Weapon,Unique2,플라즈마 자이로,회전하는 플라즈마 구체로 적을 추격하는 첨단 무기.,Weapon_PlasmaSpinner.sprite,0,0,229,17,90,2000,21000,21001,22020,22021,Grade,Unique,None,None,E31069,61000,E31066,E31066,2
E31069,Normal,Weapon,Unique3,플라즈마 자이로,회전하는 플라즈마 구체로 적을 추격하는 첨단 무기.,Weapon_PlasmaSpinner.sprite,0,0,257,19,100,2000,21000,21001,22020,22021,None,None,None,None,None,61000,E31066,E31066,3
E31070,Normal,Weapon,Common,스펙트럴 레이저 블레이드,스펙트럼 에너지로 형성된 고밀도 광자 블레이드.,Weapon_SpectralSlash.sprite,0,0,13,3,10,2090,21000,21001,22090,22091,ItemCode,E31070,ItemCode,E31070,E31071,61000,,,0
E31071,Normal,Weapon,Uncommon,스펙트럴 레이저 블레이드,스펙트럼 에너지로 형성된 고밀도 광자 블레이드.,Weapon_SpectralSlash.sprite,0,0,26,4,20,2090,21000,21001,22090,22091,ItemCode,E31071,ItemCode,E31071,E31072,61000,,,0
E31072,Normal,Weapon,Rare,스펙트럴 레이저 블레이드,스펙트럼 에너지로 형성된 고밀도 광자 블레이드.,Weapon_SpectralSlash.sprite,0,0,39,5,30,2090,21000,21001,22090,22091,ItemCode,E31072,ItemCode,E31072,E31073,61000,,,0
E31073,Normal,Weapon,Epic,스펙트럴 레이저 블레이드,스펙트럼 에너지로 형성된 고밀도 광자 블레이드.,Weapon_SpectralSlash.sprite,0,0,65,9,40,2090,21000,21001,22090,22091,Grade,Epic,None,None,E31074,61000,,,0
E31074,Normal,Weapon,Epic1,스펙트럴 레이저 블레이드,스펙트럼 에너지로 형성된 고밀도 광자 블레이드.,Weapon_SpectralSlash.sprite,0,0,78,10,50,2090,21000,21001,22090,22091,Grade,Epic,None,None,E31075,61000,E31073,E31073,1
E31075,Normal,Weapon,Epic2,스펙트럴 레이저 블레이드,스펙트럼 에너지로 형성된 고밀도 광자 블레이드.,Weapon_SpectralSlash.sprite,0,0,91,11,60,2090,21000,21001,22090,22091,ItemCode,E31073,ItemCode,E31073,E31076,61000,E31073,E31073,2
E31076,Normal,Weapon,Unique,스펙트럴 레이저 블레이드,스펙트럼 에너지로 형성된 고밀도 광자 블레이드.,Weapon_SpectralSlash.sprite,0,0,172,13,70,2090,21000,21001,22090,22091,Grade,Unique,None,None,E31077,61000,,,0
E31077,Normal,Weapon,Unique1,스펙트럴 레이저 블레이드,스펙트럼 에너지로 형성된 고밀도 광자 블레이드.,Weapon_SpectralSlash.sprite,0,0,200,15,80,2090,21000,21001,22090,22091,Grade,Unique,None,None,E31078,61000,E31076,E31076,1
E31078,Normal,Weapon,Unique2,스펙트럴 레이저 블레이드,스펙트럼 에너지로 형성된 고밀도 광자 블레이드.,Weapon_SpectralSlash.sprite,0,0,229,17,90,2090,21000,21001,22090,22091,Grade,Unique,None,None,E31079,61000,E31076,E31076,2
E31079,Normal,Weapon,Unique3,스펙트럴 레이저 블레이드,스펙트럼 에너지로 형성된 고밀도 광자 블레이드.,Weapon_SpectralSlash.sprite,0,0,257,19,100,2090,21000,21001,22090,22091,None,None,None,None,None,61000,E31076,E31076,3
E31080,Normal,Weapon,Common,자폭 AI 드론,자율적으로 표적을 추적하고 폭발하는 인공지능 드론.,Weapon_SuicideDrone.sprite,0,0,13,3,10,2030,21090,21091,22030,22031,ItemCode,E31080,ItemCode,E31080,E31081,61000,,,0
E31081,Normal,Weapon,Uncommon,자폭 AI 드론,자율적으로 표적을 추적하고 폭발하는 인공지능 드론.,Weapon_SuicideDrone.sprite,0,0,26,4,20,2030,21090,21091,22030,22031,ItemCode,E31081,ItemCode,E31081,E31082,61000,,,0
E31082,Normal,Weapon,Rare,자폭 AI 드론,자율적으로 표적을 추적하고 폭발하는 인공지능 드론.,Weapon_SuicideDrone.sprite,0,0,39,5,30,2030,21090,21091,22030,22031,ItemCode,E31082,ItemCode,E31082,E31083,61000,,,0
E31083,Normal,Weapon,Epic,자폭 AI 드론,자율적으로 표적을 추적하고 폭발하는 인공지능 드론.,Weapon_SuicideDrone.sprite,0,0,65,9,40,2030,21090,21091,22030,22031,Grade,Epic,None,None,E31084,61000,,,0
E31084,Normal,Weapon,Epic1,자폭 AI 드론,자율적으로 표적을 추적하고 폭발하는 인공지능 드론.,Weapon_SuicideDrone.sprite,0,0,78,10,50,2030,21090,21091,22030,22031,Grade,Epic,None,None,E31085,61000,E31083,E31083,1
E31085,Normal,Weapon,Epic2,자폭 AI 드론,자율적으로 표적을 추적하고 폭발하는 인공지능 드론.,Weapon_SuicideDrone.sprite,0,0,91,11,60,2030,21090,21091,22030,22031,ItemCode,E31083,ItemCode,E31083,E31086,61000,E31083,E31083,2
E31086,Normal,Weapon,Unique,자폭 AI 드론,자율적으로 표적을 추적하고 폭발하는 인공지능 드론.,Weapon_SuicideDrone.sprite,0,0,172,13,70,2030,21090,21091,22030,22031,Grade,Unique,None,None,E31087,61000,,,0
E31087,Normal,Weapon,Unique1,자폭 AI 드론,자율적으로 표적을 추적하고 폭발하는 인공지능 드론.,Weapon_SuicideDrone.sprite,0,0,200,15,80,2030,21090,21091,22030,22031,Grade,Unique,None,None,E31088,61000,E31086,E31086,1
E31088,Normal,Weapon,Unique2,자폭 AI 드론,자율적으로 표적을 추적하고 폭발하는 인공지능 드론.,Weapon_SuicideDrone.sprite,0,0,229,17,90,2030,21090,21091,22030,22031,Grade,Unique,None,None,E31089,61000,E31086,E31086,2
E31089,Normal,Weapon,Unique3,자폭 AI 드론,자율적으로 표적을 추적하고 폭발하는 인공지능 드론.,Weapon_SuicideDrone.sprite,0,0,257,19,100,2030,21090,21091,22030,22031,None,None,None,None,None,61000,E31086,E31086,3
E31090,Normal,Weapon,Common,크로노 디스럽터,시간의 흐름을 교란하는 고급 시간 변조 장치.,Weapon_TimeStopBomb.sprite,0,0,13,3,10,2060,21090,21091,22060,22061,ItemCode,E31090,ItemCode,E31090,E31091,61000,,,0
E31091,Normal,Weapon,Uncommon,크로노 디스럽터,시간의 흐름을 교란하는 고급 시간 변조 장치.,Weapon_TimeStopBomb.sprite,0,0,26,4,20,2060,21090,21091,22060,22061,ItemCode,E31091,ItemCode,E31091,E31092,61000,,,0
E31092,Normal,Weapon,Rare,크로노 디스럽터,시간의 흐름을 교란하는 고급 시간 변조 장치.,Weapon_TimeStopBomb.sprite,0,0,39,5,30,2060,21090,21091,22060,22061,ItemCode,E31092,ItemCode,E31092,E31093,61000,,,0
E31093,Normal,Weapon,Epic,크로노 디스럽터,시간의 흐름을 교란하는 고급 시간 변조 장치.,Weapon_TimeStopBomb.sprite,0,0,65,9,40,2060,21090,21091,22060,22061,Grade,Epic,None,None,E31094,61000,,,0
E31094,Normal,Weapon,Epic1,크로노 디스럽터,시간의 흐름을 교란하는 고급 시간 변조 장치.,Weapon_TimeStopBomb.sprite,0,0,78,10,50,2060,21090,21091,22060,22061,Grade,Epic,None,None,E31095,61000,E31093,E31093,1
E31095,Normal,Weapon,Epic2,크로노 디스럽터,시간의 흐름을 교란하는 고급 시간 변조 장치.,Weapon_TimeStopBomb.sprite,0,0,91,11,60,2060,21090,21091,22060,22061,ItemCode,E31093,ItemCode,E31093,E31096,61000,E31093,E31093,2
E31096,Normal,Weapon,Unique,크로노 디스럽터,시간의 흐름을 교란하는 고급 시간 변조 장치.,Weapon_TimeStopBomb.sprite,0,0,172,13,70,2060,21090,21091,22060,22061,Grade,Unique,None,None,E31097,61000,,,0
E31097,Normal,Weapon,Unique1,크로노 디스럽터,시간의 흐름을 교란하는 고급 시간 변조 장치.,Weapon_TimeStopBomb.sprite,0,0,200,15,80,2060,21090,21091,22060,22061,Grade,Unique,None,None,E31098,61000,E31096,E31096,1
E31098,Normal,Weapon,Unique2,크로노 디스럽터,시간의 흐름을 교란하는 고급 시간 변조 장치.,Weapon_TimeStopBomb.sprite,0,0,229,17,90,2060,21090,21091,22060,22061,Grade,Unique,None,None,E31099,61000,E31096,E31096,2
E31099,Normal,Weapon,Unique3,크로노 디스럽터,시간의 흐름을 교란하는 고급 시간 변조 장치.,Weapon_TimeStopBomb.sprite,0,0,257,19,100,2060,21090,21091,22060,22061,None,None,None,None,None,61000,E31096,E31096,3
E32000,Normal,Glove,Common,플라즈마 그립,순수한 플라즈마 에너지를 손아귀에 응축한 첨단 전투 장갑.,Glove_01.sprite,0,0,10,2,10,0,21040,21041,21002,21003,ItemCode,E32000,ItemCode,E32000,E32001,61001,,,0
E32001,Normal,Glove,Uncommon,플라즈마 그립,순수한 플라즈마 에너지를 손아귀에 응축한 첨단 전투 장갑.,Glove_01.sprite,0,0,21,3,20,0,21040,21041,21002,21003,ItemCode,E32001,ItemCode,E32001,E32002,61001,,,0
E32002,Normal,Glove,Rare,플라즈마 그립,순수한 플라즈마 에너지를 손아귀에 응축한 첨단 전투 장갑.,Glove_01.sprite,0,0,31,4,30,0,21040,21041,21002,21003,ItemCode,E32002,ItemCode,E32002,E32003,61001,,,0
E32003,Normal,Glove,Epic,플라즈마 그립,순수한 플라즈마 에너지를 손아귀에 응축한 첨단 전투 장갑.,Glove_01.sprite,0,0,52,6,40,0,21040,21041,21002,21003,Grade,Epic,None,None,E32004,61001,,,0
E32004,Normal,Glove,Epic1,플라즈마 그립,순수한 플라즈마 에너지를 손아귀에 응축한 첨단 전투 장갑.,Glove_01.sprite,0,0,62,7,50,0,21040,21041,21002,21003,Grade,Epic,None,None,E32005,61001,E32003,E32003,1
E32005,Normal,Glove,Epic2,플라즈마 그립,순수한 플라즈마 에너지를 손아귀에 응축한 첨단 전투 장갑.,Glove_01.sprite,0,0,73,8,60,0,21040,21041,21002,21003,ItemCode,E32003,ItemCode,E32003,E32006,61001,E32003,E32003,2
E32006,Normal,Glove,Unique,플라즈마 그립,순수한 플라즈마 에너지를 손아귀에 응축한 첨단 전투 장갑.,Glove_01.sprite,0,0,138,10,70,0,21040,21041,21002,21003,Grade,Unique,None,None,E32007,61001,,,0
E32007,Normal,Glove,Unique1,플라즈마 그립,순수한 플라즈마 에너지를 손아귀에 응축한 첨단 전투 장갑.,Glove_01.sprite,0,0,160,11,80,0,21040,21041,21002,21003,Grade,Unique,None,None,E32008,61001,E32006,E32006,1
E32008,Normal,Glove,Unique2,플라즈마 그립,순수한 플라즈마 에너지를 손아귀에 응축한 첨단 전투 장갑.,Glove_01.sprite,0,0,183,12,90,0,21040,21041,21002,21003,Grade,Unique,None,None,E32009,61001,E32006,E32006,2
E32009,Normal,Glove,Unique3,플라즈마 그립,순수한 플라즈마 에너지를 손아귀에 응축한 첨단 전투 장갑.,Glove_01.sprite,0,0,205,14,100,0,21040,21041,21002,21003,None,None,None,None,None,61001,E32006,E32006,3
E32010,Normal,Glove,Common,템페스트 건틀릿,폭풍의 힘과 고대 기술이 결합된 전격 장갑.,Glove_02.sprite,0,0,10,2,10,0,21040,21041,21022,21023,ItemCode,E32010,ItemCode,E32010,E32011,61001,,,0
E32011,Normal,Glove,Uncommon,템페스트 건틀릿,폭풍의 힘과 고대 기술이 결합된 전격 장갑.,Glove_02.sprite,0,0,21,3,20,0,21040,21041,21022,21023,ItemCode,E32011,ItemCode,E32011,E32012,61001,,,0
E32012,Normal,Glove,Rare,템페스트 건틀릿,폭풍의 힘과 고대 기술이 결합된 전격 장갑.,Glove_02.sprite,0,0,31,4,30,0,21040,21041,21022,21023,ItemCode,E32012,ItemCode,E32012,E32013,61001,,,0
E32013,Normal,Glove,Epic,템페스트 건틀릿,폭풍의 힘과 고대 기술이 결합된 전격 장갑.,Glove_02.sprite,0,0,52,6,40,0,21040,21041,21022,21023,Grade,Epic,None,None,E32014,61001,,,0
E32014,Normal,Glove,Epic1,템페스트 건틀릿,폭풍의 힘과 고대 기술이 결합된 전격 장갑.,Glove_02.sprite,0,0,62,7,50,0,21040,21041,21022,21023,Grade,Epic,None,None,E32015,61001,E32013,E32013,1
E32015,Normal,Glove,Epic2,템페스트 건틀릿,폭풍의 힘과 고대 기술이 결합된 전격 장갑.,Glove_02.sprite,0,0,73,8,60,0,21040,21041,21022,21023,ItemCode,E32013,ItemCode,E32013,E32016,61001,E32013,E32013,2
E32016,Normal,Glove,Unique,템페스트 건틀릿,폭풍의 힘과 고대 기술이 결합된 전격 장갑.,Glove_02.sprite,0,0,138,10,70,0,21040,21041,21022,21023,Grade,Unique,None,None,E32017,61001,,,0
E32017,Normal,Glove,Unique1,템페스트 건틀릿,폭풍의 힘과 고대 기술이 결합된 전격 장갑.,Glove_02.sprite,0,0,160,11,80,0,21040,21041,21022,21023,Grade,Unique,None,None,E32018,61001,E32016,E32016,1
E32018,Normal,Glove,Unique2,템페스트 건틀릿,폭풍의 힘과 고대 기술이 결합된 전격 장갑.,Glove_02.sprite,0,0,183,12,90,0,21040,21041,21022,21023,Grade,Unique,None,None,E32019,61001,E32016,E32016,2
E32019,Normal,Glove,Unique3,템페스트 건틀릿,폭풍의 힘과 고대 기술이 결합된 전격 장갑.,Glove_02.sprite,0,0,205,14,100,0,21040,21041,21022,21023,None,None,None,None,None,61001,E32016,E32016,3
E32020,Normal,Glove,Common,사이버 클러치,최신 사이버네틱 기술로 제작된 정밀 기계 장갑.,Glove_03.sprite,0,0,10,2,10,0,21040,21041,21092,21093,ItemCode,E32020,ItemCode,E32020,E32021,61001,,,0
E32021,Normal,Glove,Uncommon,사이버 클러치,최신 사이버네틱 기술로 제작된 정밀 기계 장갑.,Glove_03.sprite,0,0,21,3,20,0,21040,21041,21092,21093,ItemCode,E32021,ItemCode,E32021,E32022,61001,,,0
E32022,Normal,Glove,Rare,사이버 클러치,최신 사이버네틱 기술로 제작된 정밀 기계 장갑.,Glove_03.sprite,0,0,31,4,30,0,21040,21041,21092,21093,ItemCode,E32022,ItemCode,E32022,E32023,61001,,,0
E32023,Normal,Glove,Epic,사이버 클러치,최신 사이버네틱 기술로 제작된 정밀 기계 장갑.,Glove_03.sprite,0,0,52,6,40,0,21040,21041,21092,21093,Grade,Epic,None,None,E32024,61001,,,0
E32024,Normal,Glove,Epic1,사이버 클러치,최신 사이버네틱 기술로 제작된 정밀 기계 장갑.,Glove_03.sprite,0,0,62,7,50,0,21040,21041,21092,21093,Grade,Epic,None,None,E32025,61001,E32023,E32023,1
E32025,Normal,Glove,Epic2,사이버 클러치,최신 사이버네틱 기술로 제작된 정밀 기계 장갑.,Glove_03.sprite,0,0,73,8,60,0,21040,21041,21092,21093,ItemCode,E32023,ItemCode,E32023,E32026,61001,E32023,E32023,2
E32026,Normal,Glove,Unique,사이버 클러치,최신 사이버네틱 기술로 제작된 정밀 기계 장갑.,Glove_03.sprite,0,0,138,10,70,0,21040,21041,21092,21093,Grade,Unique,None,None,E32027,61001,,,0
E32027,Normal,Glove,Unique1,사이버 클러치,최신 사이버네틱 기술로 제작된 정밀 기계 장갑.,Glove_03.sprite,0,0,160,11,80,0,21040,21041,21092,21093,Grade,Unique,None,None,E32028,61001,E32026,E32026,1
E32028,Normal,Glove,Unique2,사이버 클러치,최신 사이버네틱 기술로 제작된 정밀 기계 장갑.,Glove_03.sprite,0,0,183,12,90,0,21040,21041,21092,21093,Grade,Unique,None,None,E32029,61001,E32026,E32026,2
E32029,Normal,Glove,Unique3,사이버 클러치,최신 사이버네틱 기술로 제작된 정밀 기계 장갑.,Grove_03.sprite,0,0,205,14,100,0,21040,21041,21092,21093,None,None,None,None,None,61001,E32026,E32026,3
E32030,Normal,Glove,Common,제네시스 파워핸드,근원의 힘을 구현한 차세대 에너지 파워 글러브.,Glove_04.sprite,0,0,10,2,10,0,21040,21041,24001,24002,ItemCode,E32030,ItemCode,E32030,E32031,61001,,,0
E32031,Normal,Glove,Uncommon,제네시스 파워핸드,근원의 힘을 구현한 차세대 에너지 파워 글러브.,Glove_04.sprite,0,0,21,3,20,0,21040,21041,24001,24002,ItemCode,E32031,ItemCode,E32031,E32032,61001,,,0
E32032,Normal,Glove,Rare,제네시스 파워핸드,근원의 힘을 구현한 차세대 에너지 파워 글러브.,Glove_04.sprite,0,0,31,4,30,0,21040,21041,24001,24002,ItemCode,E32032,ItemCode,E32032,E32033,61001,,,0
E32033,Normal,Glove,Epic,제네시스 파워핸드,근원의 힘을 구현한 차세대 에너지 파워 글러브.,Glove_04.sprite,0,0,52,6,40,0,21040,21041,24001,24002,Grade,Epic,None,None,E32034,61001,,,0
E32034,Normal,Glove,Epic1,제네시스 파워핸드,근원의 힘을 구현한 차세대 에너지 파워 글러브.,Glove_04.sprite,0,0,62,7,50,0,21040,21041,24001,24002,Grade,Epic,None,None,E32035,61001,E32033,E32033,1
E32035,Normal,Glove,Epic2,제네시스 파워핸드,근원의 힘을 구현한 차세대 에너지 파워 글러브.,Glove_04.sprite,0,0,73,8,60,0,21040,21041,24001,24002,ItemCode,E32033,ItemCode,E32033,E32036,61001,E32033,E32033,2
E32036,Normal,Glove,Unique,제네시스 파워핸드,근원의 힘을 구현한 차세대 에너지 파워 글러브.,Glove_04.sprite,0,0,138,10,70,0,21040,21041,24001,24002,Grade,Unique,None,None,E32037,61001,,,0
E32037,Normal,Glove,Unique1,제네시스 파워핸드,근원의 힘을 구현한 차세대 에너지 파워 글러브.,Glove_04.sprite,0,0,160,11,80,0,21040,21041,24001,24002,Grade,Unique,None,None,E32038,61001,E32036,E32036,1
E32038,Normal,Glove,Unique2,제네시스 파워핸드,근원의 힘을 구현한 차세대 에너지 파워 글러브.,Glove_04.sprite,0,0,183,12,90,0,21040,21041,24001,24002,Grade,Unique,None,None,E32039,61001,E32036,E32036,2
E32039,Normal,Glove,Unique3,제네시스 파워핸드,근원의 힘을 구현한 차세대 에너지 파워 글러브.,Glove_04.sprite,0,0,205,14,100,0,21040,21041,24001,24002,None,None,None,None,None,61001,E32036,E32036,3
E32040,Normal,Glove,Common,이온 스트라이커,고에너지 이온 입자를 안정적으로 제어하는 고속 전투 장갑.,Glove_05.sprite,0,0,10,2,10,0,21040,21041,21002,21003,ItemCode,E32040,ItemCode,E32040,E32041,61001,,,0
E32041,Normal,Glove,Uncommon,이온 스트라이커,고에너지 이온 입자를 안정적으로 제어하는 고속 전투 장갑.,Glove_05.sprite,0,0,21,3,20,0,21040,21041,21002,21003,ItemCode,E32041,ItemCode,E32041,E32042,61001,,,0
E32042,Normal,Glove,Rare,이온 스트라이커,고에너지 이온 입자를 안정적으로 제어하는 고속 전투 장갑.,Glove_05.sprite,0,0,31,4,30,0,21040,21041,21002,21003,ItemCode,E32042,ItemCode,E32042,E32043,61001,,,0
E32043,Normal,Glove,Epic,이온 스트라이커,고에너지 이온 입자를 안정적으로 제어하는 고속 전투 장갑.,Glove_05.sprite,0,0,52,6,40,0,21040,21041,21002,21003,Grade,Epic,None,None,E32044,61001,,,0
E32044,Normal,Glove,Epic1,이온 스트라이커,고에너지 이온 입자를 안정적으로 제어하는 고속 전투 장갑.,Glove_05.sprite,0,0,62,7,50,0,21040,21041,21002,21003,Grade,Epic,None,None,E32045,61001,E32043,E32043,1
E32045,Normal,Glove,Epic2,이온 스트라이커,고에너지 이온 입자를 안정적으로 제어하는 고속 전투 장갑.,Glove_05.sprite,0,0,73,8,60,0,21040,21041,21002,21003,ItemCode,E32043,ItemCode,E32043,E32046,61001,E32043,E32043,2
E32046,Normal,Glove,Unique,이온 스트라이커,고에너지 이온 입자를 안정적으로 제어하는 고속 전투 장갑.,Glove_05.sprite,0,0,138,10,70,0,21040,21041,21002,21003,Grade,Unique,None,None,E32047,61001,,,0
E32047,Normal,Glove,Unique1,이온 스트라이커,고에너지 이온 입자를 안정적으로 제어하는 고속 전투 장갑.,Glove_05.sprite,0,0,160,11,80,0,21040,21041,21002,21003,Grade,Unique,None,None,E32048,61001,E32046,E32046,1
E32048,Normal,Glove,Unique2,이온 스트라이커,고에너지 이온 입자를 안정적으로 제어하는 고속 전투 장갑.,Glove_05.sprite,0,0,183,12,90,0,21040,21041,21002,21003,Grade,Unique,None,None,E32049,61001,E32046,E32046,2
E32049,Normal,Glove,Unique3,이온 스트라이커,고에너지 이온 입자를 안정적으로 제어하는 고속 전투 장갑.,Glove_05.sprite,0,0,205,14,100,0,21040,21041,21002,21003,None,None,None,None,None,61001,E32046,E32046,3
E33000,Normal,Armor,Common,제논 아머,희귀 제논 합금으로 제작된 차세대 방어구.,Armor_01.sprite,65,5,0,0,10,0,21010,21011,21072,21073,ItemCode,E33000,ItemCode,E33000,E33001,61004,,,0
E33001,Normal,Armor,Uncommon,제논 아머,희귀 제논 합금으로 제작된 차세대 방어구.,Armor_01.sprite,91,8,0,0,20,0,21010,21011,21072,21073,ItemCode,E33001,ItemCode,E33001,E33002,61004,,,0
E33002,Normal,Armor,Rare,제논 아머,희귀 제논 합금으로 제작된 차세대 방어구.,Armor_01.sprite,130,10,0,0,30,0,21010,21011,21072,21073,ItemCode,E33002,ItemCode,E33002,E33003,61004,,,0
E33003,Normal,Armor,Epic,제논 아머,희귀 제논 합금으로 제작된 차세대 방어구.,Armor_01.sprite,260,15,0,0,40,0,21010,21011,21072,21073,Grade,Epic,None,None,E33004,61004,,,0
E33004,Normal,Armor,Epic1,제논 아머,희귀 제논 합금으로 제작된 차세대 방어구.,Armor_01.sprite,286,20,0,0,50,0,21010,21011,21072,21073,Grade,Epic,None,None,E33005,61004,E33003,E33003,1
E33005,Normal,Armor,Epic2,제논 아머,희귀 제논 합금으로 제작된 차세대 방어구.,Armor_01.sprite,358,22,0,0,60,0,21010,21011,21072,21073,ItemCode,N31003,ItemCode,N31003,E33006,61004,E33003,E33003,2
E33006,Normal,Armor,Unique,제논 아머,희귀 제논 합금으로 제작된 차세대 방어구.,Armor_01.sprite,429,26,0,0,70,0,21010,21011,21072,21073,Grade,Unique,None,None,E33007,61004,,,0
E33007,Normal,Armor,Unique1,제논 아머,희귀 제논 합금으로 제작된 차세대 방어구.,Armor_01.sprite,501,30,0,0,80,0,21010,21011,21072,21073,Grade,Unique,None,None,E33008,61004,E33006,E33006,1
E33008,Normal,Armor,Unique2,제논 아머,희귀 제논 합금으로 제작된 차세대 방어구.,Armor_01.sprite,572,34,0,0,90,0,21010,21011,21072,21073,Grade,Unique,None,None,E33009,61004,E33006,E33006,2
E33009,Normal,Armor,Unique3,제논 아머,희귀 제논 합금으로 제작된 차세대 방어구.,Armor_01.sprite,644,38,0,0,100,0,21010,21011,21072,21073,None,None,None,None,None,61004,E33006,E33006,3
E33010,Normal,Armor,Common,크로노 가드,시간 왜곡 기술이 적용된 고성능 보호 장비.,Armor_02.sprite,65,5,0,0,10,0,21010,21011,21032,21033,ItemCode,E33010,ItemCode,E33010,E33011,61004,,,0
E33011,Normal,Armor,Uncommon,크로노 가드,시간 왜곡 기술이 적용된 고성능 보호 장비.,Armor_02.sprite,91,8,0,0,20,0,21010,21011,21032,21033,ItemCode,E33011,ItemCode,E33011,E33012,61004,,,0
E33012,Normal,Armor,Rare,크로노 가드,시간 왜곡 기술이 적용된 고성능 보호 장비.,Armor_02.sprite,130,10,0,0,30,0,21010,21011,21032,21033,ItemCode,E33012,ItemCode,E33012,E33013,61004,,,0
E33013,Normal,Armor,Epic,크로노 가드,시간 왜곡 기술이 적용된 고성능 보호 장비.,Armor_02.sprite,260,15,0,0,40,0,21010,21011,21032,21033,Grade,Epic,None,None,E33014,61004,,,0
E33014,Normal,Armor,Epic1,크로노 가드,시간 왜곡 기술이 적용된 고성능 보호 장비.,Armor_02.sprite,286,20,0,0,50,0,21010,21011,21032,21033,Grade,Epic,None,None,E33015,61004,E33013,E33013,1
E33015,Normal,Armor,Epic2,크로노 가드,시간 왜곡 기술이 적용된 고성능 보호 장비.,Armor_02.sprite,358,22,0,0,60,0,21010,21011,21032,21033,ItemCode,E33013,ItemCode,E33013,E33016,61004,E33013,E33013,2
E33016,Normal,Armor,Unique,크로노 가드,시간 왜곡 기술이 적용된 고성능 보호 장비.,Armor_02.sprite,429,26,0,0,70,0,21010,21011,21032,21033,Grade,Unique,None,None,E33017,61004,,,0
E33017,Normal,Armor,Unique1,크로노 가드,시간 왜곡 기술이 적용된 고성능 보호 장비.,Armor_02.sprite,501,30,0,0,80,0,21010,21011,21032,21033,Grade,Unique,None,None,E33018,61004,E33016,E33016,1
E33018,Normal,Armor,Unique2,크로노 가드,시간 왜곡 기술이 적용된 고성능 보호 장비.,Armor_02.sprite,572,34,0,0,90,0,21010,21011,21032,21033,Grade,Unique,None,None,E33019,61004,E33016,E33016,2
E33019,Normal,Armor,Unique3,크로노 가드,시간 왜곡 기술이 적용된 고성능 보호 장비.,Armor_02.sprite,644,38,0,0,100,0,21010,21011,21032,21033,None,None,None,None,None,61004,E33016,E33016,3
E33020,Normal,Armor,Common,플라즈마 포지드 아머,플라즈마 열로 단조된 초내구성 전투 아머.,Armor_03.sprite,65,5,0,0,10,0,21010,21011,21012,21013,ItemCode,E33020,ItemCode,E33020,E33021,61004,,,0
E33021,Normal,Armor,Uncommon,플라즈마 포지드 아머,플라즈마 열로 단조된 초내구성 전투 아머.,Armor_03.sprite,91,8,0,0,20,0,21010,21011,21012,21013,ItemCode,E33021,ItemCode,E33021,E33022,61004,,,0
E33022,Normal,Armor,Rare,플라즈마 포지드 아머,플라즈마 열로 단조된 초내구성 전투 아머.,Armor_03.sprite,130,10,0,0,30,0,21010,21011,21012,21013,ItemCode,E33022,ItemCode,E33022,E33023,61004,,,0
E33023,Normal,Armor,Epic,플라즈마 포지드 아머,플라즈마 열로 단조된 초내구성 전투 아머.,Armor_03.sprite,260,15,0,0,40,0,21010,21011,21012,21013,Grade,Epic,None,None,E33024,61004,,,0
E33024,Normal,Armor,Epic1,플라즈마 포지드 아머,플라즈마 열로 단조된 초내구성 전투 아머.,Armor_03.sprite,286,20,0,0,50,0,21010,21011,21012,21013,Grade,Epic,None,None,E33025,61004,E33023,E33023,1
E33025,Normal,Armor,Epic2,플라즈마 포지드 아머,플라즈마 열로 단조된 초내구성 전투 아머.,Armor_03.sprite,358,22,0,0,60,0,21010,21011,21012,21013,ItemCode,E33023,ItemCode,E33023,E33026,61004,E33023,E33023,2
E33026,Normal,Armor,Unique,플라즈마 포지드 아머,플라즈마 열로 단조된 초내구성 전투 아머.,Armor_03.sprite,429,26,0,0,70,0,21010,21011,21012,21013,Grade,Unique,None,None,E33027,61004,,,0
E33027,Normal,Armor,Unique1,플라즈마 포지드 아머,플라즈마 열로 단조된 초내구성 전투 아머.,Armor_03.sprite,501,30,0,0,80,0,21010,21011,21012,21013,Grade,Unique,None,None,E33028,61004,E33026,E33026,1
E33028,Normal,Armor,Unique2,플라즈마 포지드 아머,플라즈마 열로 단조된 초내구성 전투 아머.,Armor_03.sprite,572,34,0,0,90,0,21010,21011,21012,21013,Grade,Unique,None,None,E33029,61004,E33026,E33026,2
E33029,Normal,Armor,Unique3,플라즈마 포지드 아머,플라즈마 열로 단조된 초내구성 전투 아머.,Armor_03.sprite,644,38,0,0,100,0,21010,21011,21012,21013,None,None,None,None,None,61004,E33026,E33026,3
E33030,Normal,Armor,Common,사이버리틱 쉘,사이버네틱 강화 구조로 설계된 전자 방어복.,Armor_04.sprite,65,5,0,0,10,0,21010,21011,21082,21083,ItemCode,E33030,ItemCode,E33030,E33031,61004,,,0
E33031,Normal,Armor,Uncommon,사이버리틱 쉘,사이버네틱 강화 구조로 설계된 전자 방어복.,Armor_04.sprite,91,8,0,0,20,0,21010,21011,21082,21083,ItemCode,E33031,ItemCode,E33031,E33032,61004,,,0
E33032,Normal,Armor,Rare,사이버리틱 쉘,사이버네틱 강화 구조로 설계된 전자 방어복.,Armor_04.sprite,130,10,0,0,30,0,21010,21011,21082,21083,ItemCode,E33032,ItemCode,E33032,E33033,61004,,,0
E33033,Normal,Armor,Epic,사이버리틱 쉘,사이버네틱 강화 구조로 설계된 전자 방어복.,Armor_04.sprite,260,15,0,0,40,0,21010,21011,21082,21083,Grade,Epic,None,None,E33034,61004,,,0
E33034,Normal,Armor,Epic1,사이버리틱 쉘,사이버네틱 강화 구조로 설계된 전자 방어복.,Armor_04.sprite,286,20,0,0,50,0,21010,21011,21082,21083,Grade,Epic,None,None,E33035,61004,E33033,E33033,1
E33035,Normal,Armor,Epic2,사이버리틱 쉘,사이버네틱 강화 구조로 설계된 전자 방어복.,Armor_04.sprite,358,22,0,0,60,0,21010,21011,21082,21083,ItemCode,E33033,ItemCode,E33033,E33036,61004,E33033,E33033,2
E33036,Normal,Armor,Unique,사이버리틱 쉘,사이버네틱 강화 구조로 설계된 전자 방어복.,Armor_04.sprite,429,26,0,0,70,0,21010,21011,21082,21083,Grade,Unique,None,None,E33037,61004,,,0
E33037,Normal,Armor,Unique1,사이버리틱 쉘,사이버네틱 강화 구조로 설계된 전자 방어복.,Armor_04.sprite,501,30,0,0,80,0,21010,21011,21082,21083,Grade,Unique,None,None,E33038,61004,E31007,E31007,1
E33038,Normal,Armor,Unique2,사이버리틱 쉘,사이버네틱 강화 구조로 설계된 전자 방어복.,Armor_04.sprite,572,34,0,0,90,0,21010,21011,21082,21083,Grade,Unique,None,None,E33039,61004,E31007,E31007,2
E33039,Normal,Armor,Unique3,사이버리틱 쉘,사이버네틱 강화 구조로 설계된 전자 방어복.,Armor_04.sprite,644,38,0,0,100,0,21010,21011,21082,21083,None,None,None,None,None,61004,E31007,E31007,3
E33040,Normal,Armor,Common,네메시스 카라패스,파괴와 복수를 상징하는 고대 전설의 외골격 갑옷.,Armor_05.sprite,65,5,0,0,10,0,21010,21011,21072,21073,ItemCode,E33040,ItemCode,E33040,E33041,61004,,,0
E33041,Normal,Armor,Uncommon,네메시스 카라패스,파괴와 복수를 상징하는 고대 전설의 외골격 갑옷.,Armor_05.sprite,91,8,0,0,20,0,21010,21011,21072,21073,ItemCode,E33041,ItemCode,E33041,E33042,61004,,,0
E33042,Normal,Armor,Rare,네메시스 카라패스,파괴와 복수를 상징하는 고대 전설의 외골격 갑옷.,Armor_05.sprite,130,10,0,0,30,0,21010,21011,21072,21073,ItemCode,E33042,ItemCode,E33042,E33043,61004,,,0
E33043,Normal,Armor,Epic,네메시스 카라패스,파괴와 복수를 상징하는 고대 전설의 외골격 갑옷.,Armor_05.sprite,260,15,0,0,40,0,21010,21011,21072,21073,Grade,Epic,None,None,E33044,61004,,,0
E33044,Normal,Armor,Epic1,네메시스 카라패스,파괴와 복수를 상징하는 고대 전설의 외골격 갑옷.,Armor_05.sprite,286,20,0,0,50,0,21010,21011,21072,21073,Grade,Epic,None,None,E33045,61004,E33043,E33043,1
E33045,Normal,Armor,Epic2,네메시스 카라패스,파괴와 복수를 상징하는 고대 전설의 외골격 갑옷.,Armor_05.sprite,358,22,0,0,60,0,21010,21011,21072,21073,ItemCode,E33043,ItemCode,E33043,E33046,61004,E33043,E33043,2
E33046,Normal,Armor,Unique,네메시스 카라패스,파괴와 복수를 상징하는 고대 전설의 외골격 갑옷.,Armor_05.sprite,429,26,0,0,70,0,21010,21011,21072,21073,Grade,Unique,None,None,E33047,61004,,,0
E33047,Normal,Armor,Unique1,네메시스 카라패스,파괴와 복수를 상징하는 고대 전설의 외골격 갑옷.,Armor_05.sprite,501,30,0,0,80,0,21010,21011,21072,21073,Grade,Unique,None,None,E33048,61004,E33046,E33046,1
E33048,Normal,Armor,Unique2,네메시스 카라패스,파괴와 복수를 상징하는 고대 전설의 외골격 갑옷.,Armor_05.sprite,572,34,0,0,90,0,21010,21011,21072,21073,Grade,Unique,None,None,E33049,61004,E33046,E33046,2
E33049,Normal,Armor,Unique3,네메시스 카라패스,파괴와 복수를 상징하는 고대 전설의 외골격 갑옷.,Armor_05.sprite,644,38,0,0,100,0,21010,21011,21072,21073,None,None,None,None,None,61004,E33046,E33046,3
E34000,Normal,Helmet,Common,뉴로 서지 헬름,신경 자극과 반응 속도를 증폭하는 첨단 전투 헬멧.,Helmet_01.sprite,49,4,0,0,10,0,21010,21011,21012,21013,ItemCode,E34000,ItemCode,E34000,E34001,61003,,,0
E34001,Normal,Helmet,Uncommon,뉴로 서지 헬름,신경 자극과 반응 속도를 증폭하는 첨단 전투 헬멧.,Helmet_01.sprite,69,6,0,0,20,0,21010,21011,21012,21013,ItemCode,E34001,ItemCode,E34001,E34002,61003,,,0
E34002,Normal,Helmet,Rare,뉴로 서지 헬름,신경 자극과 반응 속도를 증폭하는 첨단 전투 헬멧.,Helmet_01.sprite,98,8,0,0,30,0,21010,21011,21012,21013,ItemCode,E34002,ItemCode,E34002,E34003,61003,,,0
E34003,Normal,Helmet,Epic,뉴로 서지 헬름,신경 자극과 반응 속도를 증폭하는 첨단 전투 헬멧.,Helmet_01.sprite,195,11,0,0,40,0,21010,21011,21012,21013,Grade,Epic,None,None,E34004,61003,,,0
E34004,Normal,Helmet,Epic1,뉴로 서지 헬름,신경 자극과 반응 속도를 증폭하는 첨단 전투 헬멧.,Helmet_01.sprite,215,15,0,0,50,0,21010,21011,21012,21013,Grade,Epic,None,None,E34005,61003,E34003,E34003,1
E34005,Normal,Helmet,Epic2,뉴로 서지 헬름,신경 자극과 반응 속도를 증폭하는 첨단 전투 헬멧.,Helmet_01.sprite,268,16,0,0,60,0,21010,21011,21012,21013,ItemCode,E34003,ItemCode,E34003,E34006,61003,E34003,E34003,2
E34006,Normal,Helmet,Unique,뉴로 서지 헬름,신경 자극과 반응 속도를 증폭하는 첨단 전투 헬멧.,Helmet_01.sprite,322,19,0,0,70,0,21010,21011,21012,21013,Grade,Unique,None,None,E34007,61003,,,0
E34007,Normal,Helmet,Unique1,뉴로 서지 헬름,신경 자극과 반응 속도를 증폭하는 첨단 전투 헬멧.,Helmet_01.sprite,376,22,0,0,80,0,21010,21011,21012,21013,Grade,Unique,None,None,E34008,61003,E34006,E34006,1
E34008,Normal,Helmet,Unique2,뉴로 서지 헬름,신경 자극과 반응 속도를 증폭하는 첨단 전투 헬멧.,Helmet_01.sprite,429,25,0,0,90,0,21010,21011,21012,21013,Grade,Unique,None,None,E34009,61003,E34006,E34006,2
E34009,Normal,Helmet,Unique3,뉴로 서지 헬름,신경 자극과 반응 속도를 증폭하는 첨단 전투 헬멧.,Helmet_01.sprite,482,28,0,0,100,0,21010,21011,21012,21013,None,None,None,None,None,61003,E34006,E34006,3
E34010,Normal,Helmet,Common,옵시디언 바이저,암흑 옵시디언 소재로 제작된 고강도 바이저.,Helmet_02.sprite,49,4,0,0,10,0,21010,21011,21072,21073,ItemCode,E34010,ItemCode,E34010,E34011,61003,,,0
E34011,Normal,Helmet,Uncommon,옵시디언 바이저,암흑 옵시디언 소재로 제작된 고강도 바이저.,Helmet_02.sprite,69,6,0,0,20,0,21010,21011,21072,21073,ItemCode,E34011,ItemCode,E34011,E34012,61003,,,0
E34012,Normal,Helmet,Rare,옵시디언 바이저,암흑 옵시디언 소재로 제작된 고강도 바이저.,Helmet_02.sprite,98,8,0,0,30,0,21010,21011,21072,21073,ItemCode,E34012,ItemCode,E34012,E34013,61003,,,0
E34013,Normal,Helmet,Epic,옵시디언 바이저,암흑 옵시디언 소재로 제작된 고강도 바이저.,Helmet_02.sprite,195,11,0,0,40,0,21010,21011,21072,21073,Grade,Epic,None,None,E34014,61003,,,0
E34014,Normal,Helmet,Epic1,옵시디언 바이저,암흑 옵시디언 소재로 제작된 고강도 바이저.,Helmet_02.sprite,215,15,0,0,50,0,21010,21011,21072,21073,Grade,Epic,None,None,E34015,61003,E34013,E34013,1
E34015,Normal,Helmet,Epic2,옵시디언 바이저,암흑 옵시디언 소재로 제작된 고강도 바이저.,Helmet_02.sprite,268,16,0,0,60,0,21010,21011,21072,21073,ItemCode,E34013,ItemCode,E34013,E34016,61003,E34013,E34013,2
E34016,Normal,Helmet,Unique,옵시디언 바이저,암흑 옵시디언 소재로 제작된 고강도 바이저.,Helmet_02.sprite,322,19,0,0,70,0,21010,21011,21072,21073,Grade,Unique,None,None,E34017,61003,,,0
E34017,Normal,Helmet,Unique1,옵시디언 바이저,암흑 옵시디언 소재로 제작된 고강도 바이저.,Helmet_02.sprite,376,22,0,0,80,0,21010,21011,21072,21073,Grade,Unique,None,None,E34018,61003,E34016,E34016,1
E34018,Normal,Helmet,Unique2,옵시디언 바이저,암흑 옵시디언 소재로 제작된 고강도 바이저.,Helmet_02.sprite,429,25,0,0,90,0,21010,21011,21072,21073,Grade,Unique,None,None,E34019,61003,E34016,E34016,2
E34019,Normal,Helmet,Unique3,옵시디언 바이저,암흑 옵시디언 소재로 제작된 고강도 바이저.,Helmet_02.sprite,482,28,0,0,100,0,21010,21011,21072,21073,None,None,None,None,None,61003,E34016,E34016,3
E34020,Normal,Helmet,Common,블레이즈 센서,적외 열파장을 감지하는 고성능 센서 장착 헬멧.,Helmet_03.sprite,49,4,0,0,10,0,21010,21011,21082,21083,ItemCode,E34020,ItemCode,E34020,E34021,61003,,,0
E34021,Normal,Helmet,Uncommon,블레이즈 센서,적외 열파장을 감지하는 고성능 센서 장착 헬멧.,Helmet_03.sprite,69,6,0,0,20,0,21010,21011,21082,21083,ItemCode,E34021,ItemCode,E34021,E34022,61003,,,0
E34022,Normal,Helmet,Rare,블레이즈 센서,적외 열파장을 감지하는 고성능 센서 장착 헬멧.,Helmet_03.sprite,98,8,0,0,30,0,21010,21011,21082,21083,ItemCode,E34022,ItemCode,E34022,E34023,61003,,,0
E34023,Normal,Helmet,Epic,블레이즈 센서,적외 열파장을 감지하는 고성능 센서 장착 헬멧.,Helmet_03.sprite,195,11,0,0,40,0,21010,21011,21082,21083,Grade,Epic,None,None,E34024,61003,,,0
E34024,Normal,Helmet,Epic1,블레이즈 센서,적외 열파장을 감지하는 고성능 센서 장착 헬멧.,Helmet_03.sprite,215,15,0,0,50,0,21010,21011,21082,21083,Grade,Epic,None,None,E34025,61003,E34023,E34023,1
E34025,Normal,Helmet,Epic2,블레이즈 센서,적외 열파장을 감지하는 고성능 센서 장착 헬멧.,Helmet_03.sprite,268,16,0,0,60,0,21010,21011,21082,21083,ItemCode,E34023,ItemCode,E34023,E34026,61003,E34023,E34023,2
E34026,Normal,Helmet,Unique,블레이즈 센서,적외 열파장을 감지하는 고성능 센서 장착 헬멧.,Helmet_03.sprite,322,19,0,0,70,0,21010,21011,21082,21083,Grade,Unique,None,None,E34027,61003,,,0
E34027,Normal,Helmet,Unique1,블레이즈 센서,적외 열파장을 감지하는 고성능 센서 장착 헬멧.,Helmet_03.sprite,376,22,0,0,80,0,21010,21011,21082,21083,Grade,Unique,None,None,E34028,61003,E34026,E34026,1
E34028,Normal,Helmet,Unique2,블레이즈 센서,적외 열파장을 감지하는 고성능 센서 장착 헬멧.,Helmet_03.sprite,429,25,0,0,90,0,21010,21011,21082,21083,Grade,Unique,None,None,E34029,61003,E34026,E34026,2
E34029,Normal,Helmet,Unique3,블레이즈 센서,적외 열파장을 감지하는 고성능 센서 장착 헬멧.,Helmet_03.sprite,482,28,0,0,100,0,21010,21011,21082,21083,None,None,None,None,None,61003,E34026,E34026,3
E34030,Normal,Helmet,Common,스펙트럴 옵틱스,스펙트럼 범위의 모든 빛을 감지하는 정밀 광학 헬멧.,Helmet_04.sprite,49,4,0,0,10,0,21010,21011,21032,21033,ItemCode,E34030,ItemCode,E34030,E34031,61003,,,0
E34031,Normal,Helmet,Uncommon,스펙트럴 옵틱스,스펙트럼 범위의 모든 빛을 감지하는 정밀 광학 헬멧.,Helmet_04.sprite,69,6,0,0,20,0,21010,21011,21032,21033,ItemCode,E34031,ItemCode,E34031,E34032,61003,,,0
E34032,Normal,Helmet,Rare,스펙트럴 옵틱스,스펙트럼 범위의 모든 빛을 감지하는 정밀 광학 헬멧.,Helmet_04.sprite,98,8,0,0,30,0,21010,21011,21032,21033,ItemCode,E34032,ItemCode,E34032,E34033,61003,,,0
E34033,Normal,Helmet,Epic,스펙트럴 옵틱스,스펙트럼 범위의 모든 빛을 감지하는 정밀 광학 헬멧.,Helmet_04.sprite,195,11,0,0,40,0,21010,21011,21032,21033,Grade,Epic,None,None,E34034,61003,,,0
E34034,Normal,Helmet,Epic1,스펙트럴 옵틱스,스펙트럼 범위의 모든 빛을 감지하는 정밀 광학 헬멧.,Helmet_04.sprite,215,15,0,0,50,0,21010,21011,21032,21033,Grade,Epic,None,None,E34035,61003,E34033,E34033,1
E34035,Normal,Helmet,Epic2,스펙트럴 옵틱스,스펙트럼 범위의 모든 빛을 감지하는 정밀 광학 헬멧.,Helmet_04.sprite,268,16,0,0,60,0,21010,21011,21032,21033,ItemCode,N31003,ItemCode,N31003,E34036,61003,E34033,E34033,2
E34036,Normal,Helmet,Unique,스펙트럴 옵틱스,스펙트럼 범위의 모든 빛을 감지하는 정밀 광학 헬멧.,Helmet_04.sprite,322,19,0,0,70,0,21010,21011,21032,21033,Grade,Unique,None,None,E34037,61003,,,0
E34037,Normal,Helmet,Unique1,스펙트럴 옵틱스,스펙트럼 범위의 모든 빛을 감지하는 정밀 광학 헬멧.,Helmet_04.sprite,376,22,0,0,80,0,21010,21011,21032,21033,Grade,Unique,None,None,E34038,61003,E34036,E34036,1
E34038,Normal,Helmet,Unique2,스펙트럴 옵틱스,스펙트럼 범위의 모든 빛을 감지하는 정밀 광학 헬멧.,Helmet_04.sprite,429,25,0,0,90,0,21010,21011,21032,21033,Grade,Unique,None,None,E34039,61003,E34036,E34036,2
E34039,Normal,Helmet,Unique3,스펙트럴 옵틱스,스펙트럼 범위의 모든 빛을 감지하는 정밀 광학 헬멧.,Helmet_04.sprite,482,28,0,0,100,0,21010,21011,21032,21033,None,None,None,None,None,61003,E34036,E34036,3
E34040,Normal,Helmet,Common,그라비톤 헬릭스,중력 왜곡 기술이 내장된 차세대 헬름.,Helmet_05.sprite,49,4,0,0,10,0,21010,21011,21102,21103,ItemCode,E34040,ItemCode,E34040,E34041,61003,,,0
E34041,Normal,Helmet,Uncommon,그라비톤 헬릭스,중력 왜곡 기술이 내장된 차세대 헬름.,Helmet_05.sprite,69,6,0,0,20,0,21010,21011,21102,21103,ItemCode,E34041,ItemCode,E34041,E34042,61003,,,0
E34042,Normal,Helmet,Rare,그라비톤 헬릭스,중력 왜곡 기술이 내장된 차세대 헬름.,Helmet_05.sprite,98,8,0,0,30,0,21010,21011,21102,21103,ItemCode,E34042,ItemCode,E34042,E34043,61003,,,0
E34043,Normal,Helmet,Epic,그라비톤 헬릭스,중력 왜곡 기술이 내장된 차세대 헬름.,Helmet_05.sprite,195,11,0,0,40,0,21010,21011,21102,21103,Grade,Epic,None,None,E34044,61003,,,0
E34044,Normal,Helmet,Epic1,그라비톤 헬릭스,중력 왜곡 기술이 내장된 차세대 헬름.,Helmet_05.sprite,215,15,0,0,50,0,21010,21011,21102,21103,Grade,Epic,None,None,E34045,61003,E34043,E34043,1
E34045,Normal,Helmet,Epic2,그라비톤 헬릭스,중력 왜곡 기술이 내장된 차세대 헬름.,Helmet_05.sprite,268,16,0,0,60,0,21010,21011,21102,21103,ItemCode,E34043,ItemCode,E34043,E34046,61003,E34043,E34043,2
E34046,Normal,Helmet,Unique,그라비톤 헬릭스,중력 왜곡 기술이 내장된 차세대 헬름.,Helmet_05.sprite,322,19,0,0,70,0,21010,21011,21102,21103,Grade,Unique,None,None,E34047,61003,,,0
E34047,Normal,Helmet,Unique1,그라비톤 헬릭스,중력 왜곡 기술이 내장된 차세대 헬름.,Helmet_05.sprite,376,22,0,0,80,0,21010,21011,21102,21103,Grade,Unique,None,None,E34048,61003,E34046,E34046,1
E34048,Normal,Helmet,Unique2,그라비톤 헬릭스,중력 왜곡 기술이 내장된 차세대 헬름.,Helmet_05.sprite,429,25,0,0,90,0,21010,21011,21102,21103,Grade,Unique,None,None,E34049,61003,E34046,E34046,2
E34049,Normal,Helmet,Unique3,그라비톤 헬릭스,중력 왜곡 기술이 내장된 차세대 헬름.,Helmet_05.sprite,482,28,0,0,100,0,21010,21011,21102,21103,None,None,None,None,None,61003,E34046,E34046,3
E35000,Normal,Ring,Common,시간왜곡 반지,시간의 흐름에 간섭하는 신비한 고대 반지.,Ring_01.sprite,0,0,9,2,10,0,21040,21041,21002,21003,ItemCode,E35000,ItemCode,E35000,E35001,61002,,,0
E35001,Normal,Ring,Uncommon,시간왜곡 반지,시간의 흐름에 간섭하는 신비한 고대 반지.,Ring_01.sprite,0,0,18,3,20,0,21040,21041,21002,21003,ItemCode,E35001,ItemCode,E35001,E35002,61002,,,0
E35002,Normal,Ring,Rare,시간왜곡 반지,시간의 흐름에 간섭하는 신비한 고대 반지.,Ring_01.sprite,0,0,27,4,30,0,21040,21041,21002,21003,ItemCode,E35002,ItemCode,E35002,E35003,61002,,,0
E35003,Normal,Ring,Epic,시간왜곡 반지,시간의 흐름에 간섭하는 신비한 고대 반지.,Ring_01.sprite,0,0,46,7,40,0,21040,21041,21002,21003,Grade,Epic,None,None,E35004,61002,,,0
E35004,Normal,Ring,Epic1,시간왜곡 반지,시간의 흐름에 간섭하는 신비한 고대 반지.,Ring_01.sprite,0,0,55,8,50,0,21040,21041,21002,21003,Grade,Epic,None,None,E35005,61002,E35003,E35003,1
E35005,Normal,Ring,Epic2,시간왜곡 반지,시간의 흐름에 간섭하는 신비한 고대 반지.,Ring_01.sprite,0,0,64,10,60,0,21040,21041,21002,21003,ItemCode,N31003,ItemCode,N31003,E35006,61002,E35003,E35003,2
E35006,Normal,Ring,Unique,시간왜곡 반지,시간의 흐름에 간섭하는 신비한 고대 반지.,Ring_01.sprite,0,0,120,11,70,0,21040,21041,21002,21003,Grade,Unique,None,None,E35007,61002,,,0
E35007,Normal,Ring,Unique1,시간왜곡 반지,시간의 흐름에 간섭하는 신비한 고대 반지.,Ring_01.sprite,0,0,140,13,80,0,21040,21041,21002,21003,Grade,Unique,None,None,E35008,61002,E35006,E35006,1
E35008,Normal,Ring,Unique2,시간왜곡 반지,시간의 흐름에 간섭하는 신비한 고대 반지.,Ring_01.sprite,0,0,160,15,90,0,21040,21041,21002,21003,Grade,Unique,None,None,E35009,61002,E35006,E35006,2
E35009,Normal,Ring,Unique3,시간왜곡 반지,시간의 흐름에 간섭하는 신비한 고대 반지.,Ring_01.sprite,0,0,181,16,100,0,21040,21041,21002,21003,None,None,None,None,None,61002,E35006,E35006,3
E35010,Normal,Ring,Common,플라즈마 밴드,플라즈마 에너지를 안정적으로 순환시키는 강화 밴드.,Ring_02.sprite,0,0,9,2,10,0,21040,21041,21092,21093,ItemCode,E35010,ItemCode,E35010,E35011,61002,,,0
E35011,Normal,Ring,Uncommon,플라즈마 밴드,플라즈마 에너지를 안정적으로 순환시키는 강화 밴드.,Ring_02.sprite,0,0,18,3,20,0,21040,21041,21092,21093,ItemCode,E35011,ItemCode,E35011,E35012,61002,,,0
E35012,Normal,Ring,Rare,플라즈마 밴드,플라즈마 에너지를 안정적으로 순환시키는 강화 밴드.,Ring_02.sprite,0,0,27,4,30,0,21040,21041,21092,21093,ItemCode,E35012,ItemCode,E35012,E35013,61002,,,0
E35013,Normal,Ring,Epic,플라즈마 밴드,플라즈마 에너지를 안정적으로 순환시키는 강화 밴드.,Ring_02.sprite,0,0,46,7,40,0,21040,21041,21092,21093,Grade,Epic,None,None,E35014,61002,,,0
E35014,Normal,Ring,Epic1,플라즈마 밴드,플라즈마 에너지를 안정적으로 순환시키는 강화 밴드.,Ring_02.sprite,0,0,55,8,50,0,21040,21041,21092,21093,Grade,Epic,None,None,E35015,61002,E35013,E35013,1
E35015,Normal,Ring,Epic2,플라즈마 밴드,플라즈마 에너지를 안정적으로 순환시키는 강화 밴드.,Ring_02.sprite,0,0,64,10,60,0,21040,21041,21092,21093,ItemCode,N31003,ItemCode,N31003,E35016,61002,E35013,E35013,2
E35016,Normal,Ring,Unique,플라즈마 밴드,플라즈마 에너지를 안정적으로 순환시키는 강화 밴드.,Ring_02.sprite,0,0,120,11,70,0,21040,21041,21092,21093,Grade,Unique,None,None,E35017,61002,,,0
E35017,Normal,Ring,Unique1,플라즈마 밴드,플라즈마 에너지를 안정적으로 순환시키는 강화 밴드.,Ring_02.sprite,0,0,140,13,80,0,21040,21041,21092,21093,Grade,Unique,None,None,E35018,61002,E35016,E35016,1
E35018,Normal,Ring,Unique2,플라즈마 밴드,플라즈마 에너지를 안정적으로 순환시키는 강화 밴드.,Ring_02.sprite,0,0,160,15,90,0,21040,21041,21092,21093,Grade,Unique,None,None,E35019,61002,E35016,E35016,2
E35019,Normal,Ring,Unique3,플라즈마 밴드,플라즈마 에너지를 안정적으로 순환시키는 강화 밴드.,Ring_02.sprite,0,0,181,16,100,0,21040,21041,21022,21023,None,None,None,None,None,61002,E35016,E35016,3
E35020,Normal,Ring,Common,스톰 시그넷,폭풍의 힘이 봉인된 전설적인 인장 반지.,Ring_03.sprite,0,0,9,2,10,0,21040,21041,21022,21023,ItemCode,E35020,ItemCode,E35020,E35021,61002,,,0
E35021,Normal,Ring,Uncommon,스톰 시그넷,폭풍의 힘이 봉인된 전설적인 인장 반지.,Ring_03.sprite,0,0,18,3,20,0,21040,21041,21022,21023,ItemCode,E35021,ItemCode,E35021,E35022,61002,,,0
E35022,Normal,Ring,Rare,스톰 시그넷,폭풍의 힘이 봉인된 전설적인 인장 반지.,Ring_03.sprite,0,0,27,4,30,0,21040,21041,21022,21023,ItemCode,E35022,ItemCode,E35022,E35023,61002,,,0
E35023,Normal,Ring,Epic,스톰 시그넷,폭풍의 힘이 봉인된 전설적인 인장 반지.,Ring_03.sprite,0,0,46,7,40,0,21040,21041,21022,21023,Grade,Epic,None,None,E35024,61002,,,0
E35024,Normal,Ring,Epic1,스톰 시그넷,폭풍의 힘이 봉인된 전설적인 인장 반지.,Ring_03.sprite,0,0,55,8,50,0,21040,21041,21022,21023,Grade,Epic,None,None,E35025,61002,E35023,E35023,1
E35025,Normal,Ring,Epic2,스톰 시그넷,폭풍의 힘이 봉인된 전설적인 인장 반지.,Ring_03.sprite,0,0,64,10,60,0,21040,21041,21022,21023,ItemCode,N31003,ItemCode,N31003,E35026,61002,E35023,E35023,2
E35026,Normal,Ring,Unique,스톰 시그넷,폭풍의 힘이 봉인된 전설적인 인장 반지.,Ring_03.sprite,0,0,120,11,70,0,21040,21041,21022,21023,Grade,Unique,None,None,E35027,61002,,,0
E35027,Normal,Ring,Unique1,스톰 시그넷,폭풍의 힘이 봉인된 전설적인 인장 반지.,Ring_03.sprite,0,0,140,13,80,0,21040,21041,21022,21023,Grade,Unique,None,None,E35028,61002,E35026,E35026,1
E35028,Normal,Ring,Unique2,스톰 시그넷,폭풍의 힘이 봉인된 전설적인 인장 반지.,Ring_03.sprite,0,0,160,15,90,0,21040,21041,21022,21023,Grade,Unique,None,None,E35029,61002,E35026,E35026,2
E35029,Normal,Ring,Unique3,스톰 시그넷,폭풍의 힘이 봉인된 전설적인 인장 반지.,Ring_03.sprite,0,0,181,16,100,0,21040,21041,23031,23032,None,None,None,None,None,61002,E35026,E35026,3
E35030,Normal,Ring,Common,중력 균형의 고리,중력의 균형을 제어하는 과학과 마법의 산물.,Ring_04.sprite,0,0,9,2,10,0,21040,21041,23031,23032,ItemCode,E35030,ItemCode,E35030,E35031,61002,,,0
E35031,Normal,Ring,Uncommon,중력 균형의 고리,중력의 균형을 제어하는 과학과 마법의 산물.,Ring_04.sprite,0,0,18,3,20,0,21040,21041,23031,23032,ItemCode,E35031,ItemCode,E35031,E35032,61002,,,0
E35032,Normal,Ring,Rare,중력 균형의 고리,중력의 균형을 제어하는 과학과 마법의 산물.,Ring_04.sprite,0,0,27,4,30,0,21040,21041,23031,23032,ItemCode,E35032,ItemCode,E35032,E35033,61002,,,0
E35033,Normal,Ring,Epic,중력 균형의 고리,중력의 균형을 제어하는 과학과 마법의 산물.,Ring_04.sprite,0,0,46,7,40,0,21040,21041,23031,23032,Grade,Epic,None,None,E35034,61002,,,0
E35034,Normal,Ring,Epic1,중력 균형의 고리,중력의 균형을 제어하는 과학과 마법의 산물.,Ring_04.sprite,0,0,55,8,50,0,21040,21041,23031,23032,Grade,Epic,None,None,E35035,61002,E35033,E35033,1
E35035,Normal,Ring,Epic2,중력 균형의 고리,중력의 균형을 제어하는 과학과 마법의 산물.,Ring_04.sprite,0,0,64,10,60,0,21040,21041,23031,23032,ItemCode,N31003,ItemCode,N31003,E35036,61002,E35033,E35033,2
E35036,Normal,Ring,Unique,중력 균형의 고리,중력의 균형을 제어하는 과학과 마법의 산물.,Ring_04.sprite,0,0,120,11,70,0,21040,21041,23031,23032,Grade,Unique,None,None,E35037,61002,,,0
E35037,Normal,Ring,Unique1,중력 균형의 고리,중력의 균형을 제어하는 과학과 마법의 산물.,Ring_04.sprite,0,0,140,13,80,0,21040,21041,23031,23032,Grade,Unique,None,None,E35038,61002,E35036,E35036,1
E35038,Normal,Ring,Unique2,중력 균형의 고리,중력의 균형을 제어하는 과학과 마법의 산물.,Ring_04.sprite,0,0,160,15,90,0,21040,21041,23031,23032,Grade,Unique,None,None,E35039,61002,E35036,E35036,2
E35039,Normal,Ring,Unique3,중력 균형의 고리,중력의 균형을 제어하는 과학과 마법의 산물.,Ring_04.sprite,0,0,181,16,100,0,21040,21041,23031,23032,None,None,None,None,None,61002,E35036,E35036,3
E35040,Normal,Ring,Common,에테르 서클릿,에테르 에너지에 동조하는 신비로운 서클릿.,Ring_05.sprite,0,0,9,2,10,0,21040,21041,23041,23042,ItemCode,E35040,ItemCode,E35040,E35041,61002,,,0
E35041,Normal,Ring,Uncommon,에테르 서클릿,에테르 에너지에 동조하는 신비로운 서클릿.,Ring_05.sprite,0,0,18,3,20,0,21040,21041,23041,23042,ItemCode,E35041,ItemCode,E35041,E35042,61002,,,0
E35042,Normal,Ring,Rare,에테르 서클릿,에테르 에너지에 동조하는 신비로운 서클릿.,Ring_05.sprite,0,0,27,4,30,0,21040,21041,23041,23042,ItemCode,E35042,ItemCode,E35042,E35043,61002,,,0
E35043,Normal,Ring,Epic,에테르 서클릿,에테르 에너지에 동조하는 신비로운 서클릿.,Ring_05.sprite,0,0,46,7,40,0,21040,21041,23041,23042,Grade,Epic,None,None,E35044,61002,,,0
E35044,Normal,Ring,Epic1,에테르 서클릿,에테르 에너지에 동조하는 신비로운 서클릿.,Ring_05.sprite,0,0,55,8,50,0,21040,21041,23041,23042,Grade,Epic,None,None,E35045,61002,E35043,E35043,1
E35045,Normal,Ring,Epic2,에테르 서클릿,에테르 에너지에 동조하는 신비로운 서클릿.,Ring_05.sprite,0,0,64,10,60,0,21040,21041,23041,23042,ItemCode,N31003,ItemCode,N31003,E35046,61002,E35043,E35043,2
E35046,Normal,Ring,Unique,에테르 서클릿,에테르 에너지에 동조하는 신비로운 서클릿.,Ring_05.sprite,0,0,120,11,70,0,21040,21041,23041,23042,Grade,Unique,None,None,E35047,61002,,,0
E35047,Normal,Ring,Unique1,에테르 서클릿,에테르 에너지에 동조하는 신비로운 서클릿.,Ring_05.sprite,0,0,140,13,80,0,21040,21041,23041,23042,Grade,Unique,None,None,E35048,61002,E35046,E35046,1
E35048,Normal,Ring,Unique2,에테르 서클릿,에테르 에너지에 동조하는 신비로운 서클릿.,Ring_05.sprite,0,0,160,15,90,0,21040,21041,23041,23042,Grade,Unique,None,None,E35049,61002,E35046,E35046,2
E35049,Normal,Ring,Unique3,에테르 서클릿,에테르 에너지에 동조하는 신비로운 서클릿.,Ring_05.sprite,0,0,181,16,100,0,21040,21041,23041,23042,None,None,None,None,None,61002,E35046,E35046,3
E36000,Normal,Boots,Common,플라즈마 스텝 부츠,플라즈마 추진 기술이 적용된 고속 기동 부츠.,Boots_01.sprite,49,4,0,0,10,0,21050,21051,21022,21023,ItemCode,E36000,ItemCode,E36000,E36001,61005,,,0
E36001,Normal,Boots,Uncommon,플라즈마 스텝 부츠,플라즈마 추진 기술이 적용된 고속 기동 부츠.,Boots_01.sprite,69,6,0,0,20,0,21050,21051,21022,21023,ItemCode,E36001,ItemCode,E36001,E36002,61005,,,0
E36002,Normal,Boots,Rare,플라즈마 스텝 부츠,플라즈마 추진 기술이 적용된 고속 기동 부츠.,Boots_01.sprite,98,8,0,0,30,0,21050,21051,21022,21023,ItemCode,E36002,ItemCode,E36002,E36003,61005,,,0
E36003,Normal,Boots,Epic,플라즈마 스텝 부츠,플라즈마 추진 기술이 적용된 고속 기동 부츠.,Boots_01.sprite,195,11,0,0,40,0,21050,21051,21022,21023,Grade,Epic,None,None,E36004,61005,,,0
E36004,Normal,Boots,Epic1,플라즈마 스텝 부츠,플라즈마 추진 기술이 적용된 고속 기동 부츠.,Boots_01.sprite,215,15,0,0,50,0,21050,21051,21022,21023,Grade,Epic,None,None,E36005,61005,E36003,E36003,1
E36005,Normal,Boots,Epic2,플라즈마 스텝 부츠,플라즈마 추진 기술이 적용된 고속 기동 부츠.,Boots_01.sprite,268,16,0,0,60,0,21050,21051,21022,21023,ItemCode,N31003,ItemCode,N31003,E36006,61005,E36003,E36003,2
E36006,Normal,Boots,Unique,플라즈마 스텝 부츠,플라즈마 추진 기술이 적용된 고속 기동 부츠.,Boots_01.sprite,322,19,0,0,70,0,21050,21051,21022,21023,Grade,Unique,None,None,E36007,61005,,,0
E36007,Normal,Boots,Unique1,플라즈마 스텝 부츠,플라즈마 추진 기술이 적용된 고속 기동 부츠.,Boots_01.sprite,376,22,0,0,80,0,21050,21051,21022,21023,Grade,Unique,None,None,E36008,61005,E36006,E36006,1
E36008,Normal,Boots,Unique2,플라즈마 스텝 부츠,플라즈마 추진 기술이 적용된 고속 기동 부츠.,Boots_01.sprite,429,25,0,0,90,0,21050,21051,21022,21023,Grade,Unique,None,None,E36009,61005,E36006,E36006,2
E36009,Normal,Boots,Unique3,플라즈마 스텝 부츠,플라즈마 추진 기술이 적용된 고속 기동 부츠.,Boots_01.sprite,482,28,0,0,100,0,21050,21051,21022,21023,None,None,None,None,None,61005,E36006,E36006,3
E36010,Normal,Boots,Common,퀀텀 러너,양자 이동 기술로 설계된 차세대 러닝 부츠.,Boots_02.sprite,49,4,0,0,10,0,21050,21051,21052,21053,ItemCode,E36010,ItemCode,E36010,E36011,61005,,,0
E36011,Normal,Boots,Uncommon,퀀텀 러너,양자 이동 기술로 설계된 차세대 러닝 부츠.,Boots_02.sprite,69,6,0,0,20,0,21050,21051,21052,21053,ItemCode,E36011,ItemCode,E36011,E36012,61005,,,0
E36012,Normal,Boots,Rare,퀀텀 러너,양자 이동 기술로 설계된 차세대 러닝 부츠.,Boots_02.sprite,98,8,0,0,30,0,21050,21051,21052,21053,ItemCode,E36012,ItemCode,E36012,E36013,61005,,,0
E36013,Normal,Boots,Epic,퀀텀 러너,양자 이동 기술로 설계된 차세대 러닝 부츠.,Boots_02.sprite,195,11,0,0,40,0,21050,21051,21052,21053,Grade,Epic,None,None,E36014,61005,,,0
E36014,Normal,Boots,Epic1,퀀텀 러너,양자 이동 기술로 설계된 차세대 러닝 부츠.,Boots_02.sprite,215,15,0,0,50,0,21050,21051,21052,21053,Grade,Epic,None,None,E36015,61005,E36013,E36013,1
E36015,Normal,Boots,Epic2,퀀텀 러너,양자 이동 기술로 설계된 차세대 러닝 부츠.,Boots_02.sprite,268,16,0,0,60,0,21050,21051,21052,21053,ItemCode,N31003,ItemCode,N31003,E36016,61005,E36013,E36013,2
E36016,Normal,Boots,Unique,퀀텀 러너,양자 이동 기술로 설계된 차세대 러닝 부츠.,Boots_02.sprite,322,19,0,0,70,0,21050,21051,21052,21053,Grade,Unique,None,None,E36017,61005,,,0
E36017,Normal,Boots,Unique1,퀀텀 러너,양자 이동 기술로 설계된 차세대 러닝 부츠.,Boots_02.sprite,376,22,0,0,80,0,21050,21051,21052,21053,Grade,Unique,None,None,E36018,61005,E36016,E36016,1
E36018,Normal,Boots,Unique2,퀀텀 러너,양자 이동 기술로 설계된 차세대 러닝 부츠.,Boots_02.sprite,429,25,0,0,90,0,21050,21051,21052,21053,Grade,Unique,None,None,E36019,61005,E36016,E36016,2
E36019,Normal,Boots,Unique3,퀀텀 러너,양자 이동 기술로 설계된 차세대 러닝 부츠.,Boots_02.sprite,482,28,0,0,100,0,21050,21051,21052,21053,None,None,None,None,None,61005,E36016,E36016,3
E36020,Normal,Boots,Common,블레이즈 트레드,타오르는 화염의 흔적을 남기는 전투용 트레드.,Boots_03.sprite,49,4,0,0,10,0,21050,21051,21102,21103,ItemCode,E36020,ItemCode,E36020,E36021,61005,,,0
E36021,Normal,Boots,Uncommon,블레이즈 트레드,타오르는 화염의 흔적을 남기는 전투용 트레드.,Boots_03.sprite,69,6,0,0,20,0,21050,21051,21102,21103,ItemCode,E36021,ItemCode,E36021,E36022,61005,,,0
E36022,Normal,Boots,Rare,블레이즈 트레드,타오르는 화염의 흔적을 남기는 전투용 트레드.,Boots_03.sprite,98,8,0,0,30,0,21050,21051,21102,21103,ItemCode,E36022,ItemCode,E36022,E36023,61005,,,0
E36023,Normal,Boots,Epic,블레이즈 트레드,타오르는 화염의 흔적을 남기는 전투용 트레드.,Boots_03.sprite,195,11,0,0,40,0,21050,21051,21102,21103,Grade,Epic,None,None,E36024,61005,,,0
E36024,Normal,Boots,Epic1,블레이즈 트레드,타오르는 화염의 흔적을 남기는 전투용 트레드.,Boots_03.sprite,215,15,0,0,50,0,21050,21051,21102,21103,Grade,Epic,None,None,E36025,61005,E36023,E36023,1
E36025,Normal,Boots,Epic2,블레이즈 트레드,타오르는 화염의 흔적을 남기는 전투용 트레드.,Boots_03.sprite,268,16,0,0,60,0,21050,21051,21102,21103,ItemCode,N31003,ItemCode,N31003,E36026,61005,E36023,E36023,2
E36026,Normal,Boots,Unique,블레이즈 트레드,타오르는 화염의 흔적을 남기는 전투용 트레드.,Boots_03.sprite,322,19,0,0,70,0,21050,21051,21102,21103,Grade,Unique,None,None,E36027,61005,,,0
E36027,Normal,Boots,Unique1,블레이즈 트레드,타오르는 화염의 흔적을 남기는 전투용 트레드.,Boots_03.sprite,376,22,0,0,80,0,21050,21051,21102,21103,Grade,Unique,None,None,E36028,61005,E36026,E36026,1
E36028,Normal,Boots,Unique2,블레이즈 트레드,타오르는 화염의 흔적을 남기는 전투용 트레드.,Boots_03.sprite,429,25,0,0,90,0,21050,21051,21102,21103,Grade,Unique,None,None,E36029,61005,E36026,E36026,2
E36029,Normal,Boots,Unique3,블레이즈 트레드,타오르는 화염의 흔적을 남기는 전투용 트레드.,Boots_03.sprite,482,28,0,0,100,0,21050,21051,21102,21103,None,None,None,None,None,61005,E36026,E36026,3
E36030,Normal,Boots,Common,네오 서지 부츠,최신 에너지 서지 기술로 강화된 전력 부츠.,Boots_04.sprite,49,4,0,0,10,0,21050,21051,21032,21033,ItemCode,E36030,ItemCode,E36030,E36031,61005,,,0
E36031,Normal,Boots,Uncommon,네오 서지 부츠,최신 에너지 서지 기술로 강화된 전력 부츠.,Boots_04.sprite,69,6,0,0,20,0,21050,21051,21032,21033,ItemCode,E36031,ItemCode,E36031,E36032,61005,,,0
E36032,Normal,Boots,Rare,네오 서지 부츠,최신 에너지 서지 기술로 강화된 전력 부츠.,Boots_04.sprite,98,8,0,0,30,0,21050,21051,21032,21033,ItemCode,E36032,ItemCode,E36032,E36033,61005,,,0
E36033,Normal,Boots,Epic,네오 서지 부츠,최신 에너지 서지 기술로 강화된 전력 부츠.,Boots_04.sprite,195,11,0,0,40,0,21050,21051,21032,21033,Grade,Epic,None,None,E36034,61005,,,0
E36034,Normal,Boots,Epic1,네오 서지 부츠,최신 에너지 서지 기술로 강화된 전력 부츠.,Boots_04.sprite,215,15,0,0,50,0,21050,21051,21032,21033,Grade,Epic,None,None,E36035,61005,E36033,E36033,1
E36035,Normal,Boots,Epic2,네오 서지 부츠,최신 에너지 서지 기술로 강화된 전력 부츠.,Boots_04.sprite,268,16,0,0,60,0,21050,21051,21032,21033,ItemCode,N31003,ItemCode,N31003,E36036,61005,E36033,E36033,2
E36036,Normal,Boots,Unique,네오 서지 부츠,최신 에너지 서지 기술로 강화된 전력 부츠.,Boots_04.sprite,322,19,0,0,70,0,21050,21051,21032,21033,Grade,Unique,None,None,E36037,61005,,,0
E36037,Normal,Boots,Unique1,네오 서지 부츠,최신 에너지 서지 기술로 강화된 전력 부츠.,Boots_04.sprite,376,22,0,0,80,0,21050,21051,21032,21033,Grade,Unique,None,None,E36038,61005,E36036,E36036,1
E36038,Normal,Boots,Unique2,네오 서지 부츠,최신 에너지 서지 기술로 강화된 전력 부츠.,Boots_04.sprite,429,25,0,0,90,0,21050,21051,21032,21033,Grade,Unique,None,None,E36039,61005,E36036,E36036,2
E36039,Normal,Boots,Unique3,네오 서지 부츠,최신 에너지 서지 기술로 강화된 전력 부츠.,Boots_04.sprite,482,28,0,0,100,0,21050,21051,21032,21033,None,None,None,None,None,61005,E36036,E36036,3
E36040,Normal,Boots,Common,스펙트럴 그라운더,스펙트럼 에너지를 지면과 동조시키는 특수 부츠.,Boots_05.sprite,49,4,0,0,10,0,21050,21051,21012,21013,ItemCode,E36040,ItemCode,E36040,E36041,61005,,,0
E36041,Normal,Boots,Uncommon,스펙트럴 그라운더,스펙트럼 에너지를 지면과 동조시키는 특수 부츠.,Boots_05.sprite,69,6,0,0,20,0,21050,21051,21012,21013,ItemCode,E36041,ItemCode,E36041,E36042,61005,,,0
E36042,Normal,Boots,Rare,스펙트럴 그라운더,스펙트럼 에너지를 지면과 동조시키는 특수 부츠.,Boots_05.sprite,98,8,0,0,30,0,21050,21051,21012,21013,ItemCode,E36042,ItemCode,E36042,E36043,61005,,,0
E36043,Normal,Boots,Epic,스펙트럴 그라운더,스펙트럼 에너지를 지면과 동조시키는 특수 부츠.,Boots_05.sprite,195,11,0,0,40,0,21050,21051,21012,21013,Grade,Epic,None,None,E36044,61005,,,0
E36044,Normal,Boots,Epic1,스펙트럴 그라운더,스펙트럼 에너지를 지면과 동조시키는 특수 부츠.,Boots_05.sprite,215,15,0,0,50,0,21050,21051,21012,21013,Grade,Epic,None,None,E36045,61005,E36043,E36043,1
E36045,Normal,Boots,Epic2,스펙트럴 그라운더,스펙트럼 에너지를 지면과 동조시키는 특수 부츠.,Boots_05.sprite,268,16,0,0,60,0,21050,21051,21012,21013,ItemCode,N31003,ItemCode,N31003,E36046,61005,E36043,E36043,2
E36046,Normal,Boots,Unique,스펙트럴 그라운더,스펙트럼 에너지를 지면과 동조시키는 특수 부츠.,Boots_05.sprite,322,19,0,0,70,0,21050,21051,21012,21013,Grade,Unique,None,None,E36047,61005,,,0
E36047,Normal,Boots,Unique1,스펙트럴 그라운더,스펙트럼 에너지를 지면과 동조시키는 특수 부츠.,Boots_05.sprite,376,22,0,0,80,0,21050,21051,21012,21013,Grade,Unique,None,None,E36048,61005,E36046,E36046,1
E36048,Normal,Boots,Unique2,스펙트럴 그라운더,스펙트럼 에너지를 지면과 동조시키는 특수 부츠.,Boots_05.sprite,429,25,0,0,90,0,21050,21051,21012,21013,Grade,Unique,None,None,E36049,61005,E36046,E36046,2
E36049,Normal,Boots,Unique3,스펙트럴 그라운더,스펙트럼 에너지를 지면과 동조시키는 특수 부츠.,Boots_05.sprite,482,28,0,0,100,0,21050,21051,21012,21013,None,None,None,None,None,61005,E36046,E36046,3